MCES	Nonconformity	Ion Type
9.26	-0.118681641	[M+Na]+
8.63	1.706723022	[M+Na]+
9.22	1.459118652	[M+Na]+
10.2	-6.8322229	[M-H]-
9.36	0.633632812	[M-H]-
9.76	-1.532160034	[M+H]+
9.95	-2.708414307	[M+H]+
9.87	-3.237370605	[M-H]-
9.445	-7.604448242	[M+H]+
9.586	-5.269942627	[M+H]+
6.793	0.324511108	[M+Na]+
9.86	2.224829102	[M+H]+
10.5	-1.670390625	[M+H]+
9.98	0.25354248	[M+Na]+
9.11	2.146375732	[M+Na]+
6.76	-1.188043823	[M-H]-
10.17	-1.78517334	[M+H]+
9.83	-0.064294434	[M+H]+
10.805	-3.768823242	[M+H]+
9.98	2.097055664	[M+H]+
9.95	-8.994359131	[M+H]+
9.914	-9.557780762	[M-H]-
9.7	-3.630604858	[M+H]+
9.98	1.002887573	[M+H]+
9.39	-1.252580566	[M+H]+
9.914	-2.674373779	[M+Na]+
10.25	2.52418396	[M+H]+
10.45	12.28122803	[M+H]+
9.02	20.46372681	[M+Na]+
9.98	-3.435510254	[M+Na]+
9.74	2.678642578	[M-H]-
10.15	-1.945507813	[M+Na]+
10.23	11.60704407	[M+Na]+
8.83	-1.994199829	[M+H]+
9.37	4.696206665	[M-H]-
9.06	0.860083008	[M-H]-
9.87	-9.156335449	[M-H]-
9.94	-7.57131958	[M+H]+
9.94	0.982738037	[M-H]-
9.58	-3.819990234	[M+Na]+
10	1.777384033	[M+H]+
10.47	0.234387817	[M+Na]+
9.92	0.602059326	[M-H]-
10.19	5.036668701	[M-H]-
10	6.443936768	[M+H]+
9.63	-0.478861084	[M-H]-
9.72	2.717529297	[M+H]+
9.55	-2.342485352	[M+Na]+
9.11	-2.016855469	[M+Na]+
8.15	1.92043457	[M+H]+
9.88	-0.696951294	[M+Na]+
9.914	-0.48376709	[M-H]-
9.05	-2.128657227	[M+H]+
9.555	-2.99024292	[M+H]+
10.28	6.604839478	[M+Na]+
10.44	-3.630042725	[M-H]-
10.2	-2.33975769	[M+H]+
9.97	0.072778931	[M-H]-
9.48	4.929746094	[M+H]+
9.99	9.582288818	[M-H]-
9.94	7.753699951	[M-H]-
9.48	5.115596924	[M-H]-
10.5	-3.936228027	[M+H]+
10.414	1.814986572	[M+Na]+
9.664	-2.602197266	[M+H]+
10.44	-6.176755981	[M-H]-
9.164	-1.925691528	[M-H]-
8.38	-2.83711792	[M+Na]+
9.88	5.175782471	[M+Na]+
9.914	0.532730103	[M+Na]+
9.914	-4.175856934	[M+Na]+
10.76	14.15858398	[M+H]+
10.31	-0.894969482	[M-H]-
8.58	-4.137286987	[M-H]-
9.99	13.86394836	[M-H]-
9.87	1.118689575	[M+H]+
9.98	-1.089750366	[M+H]+
7.324	0.310328369	[M+Na]+
8.914	0.791391602	[M-H]-
10.49	1.31291748	[M+H]+
10.05	1.201915283	[M+Na]+
9.52	-2.42286377	[M+H]+
9.945	0.716460571	[M+H]+
10.49	0.667472534	[M+Na]+
10.15	3.15946167	[M+Na]+
9.87	-0.098579102	[M+H]+
10.49	-0.622027588	[M+Na]+
10.17	1.564151001	[M+Na]+
9.37	-0.614697266	[M+H]+
9.914	3.959312744	[M+Na]+
9.44	0.84586792	[M+H]+
9.945	0.411970215	[M+H]+
10.28	-0.775490112	[M-H]-
9.695	-0.437883911	[M+H]+
10.47	-0.663526611	[M+H]+
10.24	0.54996521	[M+H]+
10.35	3.00571167	[M+Na]+
9.77	-4.619851074	[M+Na]+
10.06	0.644956055	[M+H]+
10.13	0.439681396	[M-H]-
9.74	-1.673192749	[M+Na]+
9.95	4.494589844	[M+Na]+
9.914	2.948455811	[M+Na]+
9.87	2.854346924	[M+Na]+
10.12	-0.67598999	[M+Na]+
9.99	-3.104199219	[M-H]-
9.695	0.006326904	[M+Na]+
9	-3.065009155	[M-H]-
7.99	0.138380127	[M-H]-
9.78	-2.778347168	[M+Na]+
9.17	-2.407119141	[M+Na]+
9.25	-1.789508057	[M+H]+
9.95	2.939106445	[M-H]-
10.49	3.974053345	[M-H]-
10.37	-5.126713867	[M+H]+
9.61	2.466408691	[M+Na]+
9.95	6.943647461	[M-H]-
8.97	-0.190487061	[M-H]-
8.06	-1.423795166	[M+Na]+
9.9	1.656916504	[M+H]+
8.67	0.157509766	[M+Na]+
10.08	1.731606445	[M+H]+
10.445	-3.523695679	[M-H]-
10.2	-1.59911499	[M+H]+
9.95	-4.389909668	[M+Na]+
9.914	-1.495031738	[M+H]+
9.945	-2.10463623	[M+H]+
10.25	-4.963997803	[M+H]+
10.28	2.366697998	[M-H]-
8.17	0.565027466	[M-H]-
9.22	12.20874023	[M-H]-
10.164	-4.985217896	[M+Na]+
9.89	0.760122681	[M+H]+
10.15	-1.930461426	[M+H]+
9.78	-0.055934448	[M+H]+
8.94	-1.10399231	[M+H]+
8.414	-2.784221191	[M+H]+
10	3.321069336	[M+H]+
9.65	-1.965594482	[M+H]+
9.74	-1.553462524	[M+Na]+
7.62	-5.842832642	[M+Na]+
10.78	4.043822021	[M+H]+
10	-6.065333252	[M-H]-
9.95	-4.31588501	[M+Na]+
9.94	-0.046809692	[M-H]-
9	0.243573608	[M-H]-
10.15	-2.159923096	[M+H]+
8.1	-0.240501709	[M-H]-
10.3	-3.66267334	[M+H]+
10.3	-7.541091919	[M+Na]+
10.47	0.329118652	[M+H]+
10.48	1.764616699	[M+H]+
10.26	-0.904714966	[M+H]+
9.92	-0.429873047	[M+H]+
9.74	-2.440986938	[M+Na]+
7.043	-1.983175049	[M-H]-
8.69	-1.328807983	[M-H]-
7.87	-1.917897949	[M+Na]+
9.89	-2.369678955	[M+H]+
9.77	0.211508179	[M+H]+
10.28	3.122814941	[M+Na]+
9.95	2.995449219	[M+Na]+
10.4	2.675273438	[M+Na]+
10	25.0037207	[M+Na]+
9.64	-0.012541504	[M+Na]+
9.77	-2.241097412	[M-H]-
9.97	1.423397217	[M+Na]+
10	3.201318359	[M+Na]+
10.45	-2.925552979	[M+H]+
10.3	-2.716175537	[M-H]-
9.72	0.851229858	[M+Na]+
10.164	-6.679882813	[M+H]+
10.45	6.743012695	[M-H]-
10.414	7.585223389	[M+H]+
9.97	-3.935799561	[M+H]+
10.45	0.578414917	[M+Na]+
10.28	-1.178623657	[M-H]-
10.26	4.354412842	[M+H]+
8.19	2.403980713	[M-H]-
9.98	-3.495742188	[M-H]-
10.19	6.728516235	[M+Na]+
10	0.085696411	[M-H]-
10.49	-4.92057373	[M+H]+
10.055	3.002653809	[M+H]+
10.13	2.514968262	[M-H]-
9.78	-2.717006226	[M-H]-
6.414	-4.809429932	[M+H]+
7.99	2.138079834	[M+Na]+
10	0.689959106	[M-H]-
10.4	3.645454102	[M+H]+
10.47	2.354904785	[M+Na]+
9.48	-2.807984619	[M+Na]+
10	0.091219482	[M-H]-
9.76	-0.815795898	[M+Na]+
10	1.974978638	[M+Na]+
7.977	1.569729004	[M+H]+
9.664	5.962590332	[M+H]+
10.08	6.887858887	[M+H]+
10	0.650283203	[M+Na]+
9.76	-3.019821777	[M+Na]+
10.19	-4.913953857	[M+H]+
7.805	2.564660034	[M+Na]+
7.066	-5.223562012	[M+H]+
9.88	6.206125488	[M-H]-
7.914	3.185997314	[M+H]+
9.94	3.14800293	[M-H]-
9.77	-0.726283569	[M-H]-
10	-9.37701416	[M+Na]+
9.98	1.167830811	[M+H]+
10.11	2.66829834	[M-H]-
8.78	1.757463379	[M+H]+
9.805	-1.255881348	[M-H]-
10	1.695999146	[M-H]-
8.02	0.405547485	[M-H]-
8.44	0.506973877	[M+H]+
9.8	-1.787603149	[M-H]-
10.38	-4.937132568	[M+H]+
9.92	-3.589456177	[M+H]+
9.5	-1.183061523	[M+Na]+
9.47	-2.86753418	[M+Na]+
10.23	-2.825011597	[M+H]+
9.92	5.179767456	[M+Na]+
9.65	1.117994385	[M+H]+
9.14	4.110132446	[M+Na]+
9.9	-0.260204468	[M+H]+
9.85	3.631226196	[M+Na]+
10	4.748959961	[M-H]-
10.38	-1.148962402	[M+H]+
10	-6.37427063	[M+Na]+
9.95	-3.774838867	[M+Na]+
8.24	1.7494104	[M+H]+
10.27	-0.832839355	[M+Na]+
10.195	2.921947021	[M+Na]+
10.12	0.300656738	[M+Na]+
8.85	-1.497126465	[M+H]+
9.914	0.460314941	[M-H]-
9.94	-0.181845703	[M+H]+
9.89	2.368146973	[M+H]+
9.76	-6.067662964	[M+Na]+
7.26	-4.002583008	[M+Na]+
9.95	8.835308838	[M+H]+
9.52	-0.584089355	[M+Na]+
9.055	-1.279986572	[M-H]-
9.97	4.810273438	[M+H]+
10.42	2.286702881	[M+H]+
10.24	-10.24384399	[M-H]-
8.89	-1.975908813	[M-H]-
9.56	-0.518056641	[M+H]+
9.95	-1.14086792	[M+Na]+
9.945	1.692954102	[M-H]-
9.74	0.027908936	[M+H]+
10.1	10.22893433	[M-H]-
9.98	0.704382324	[M+H]+
8.52	0.831368408	[M+Na]+
9.74	7.343720093	[M+Na]+
10.086	-7.009521484	[M+Na]+
9.89	0.578931885	[M+Na]+
10	6.283419189	[M-H]-
9.5	-0.287416992	[M-H]-
10	1.006518555	[M+Na]+
9.98	-2.647557373	[M+Na]+
10.305	-0.647524414	[M-H]-
6.543	3.919020996	[M+Na]+
8.805	0.434255371	[M+Na]+
7.805	-0.423693848	[M+H]+
10.4	6.077372437	[M+H]+
9.95	5.807555542	[M-H]-
10	-7.73501709	[M+H]+
8.81	-1.273389893	[M+H]+
10.27	-8.514718628	[M+Na]+
7.523	2.072891846	[M+Na]+
9.64	10.31868164	[M-H]-
9.83	0.735483398	[M+Na]+
6.477	-1.170969238	[M+Na]+
9.695	3.18133667	[M+H]+
9.83	-0.302473145	[M+H]+
9.83	-9.141877441	[M+H]+
9.87	-5.748916016	[M+H]+
9.87	8.277143555	[M-H]-
9.305	1.022603149	[M+Na]+
9.74	-3.263189697	[M+H]+
8.39	5.253616333	[M+Na]+
9.055	0.106340942	[M+Na]+
9.305	-6.14821228	[M+Na]+
7.01	0.45682251	[M-H]-
7.86	-0.439778442	[M+Na]+
9.77	14.64085693	[M+Na]+
10.5	-4.883620605	[M+H]+
9.98	-10.14616577	[M-H]-
9.664	4.679899292	[M-H]-
10.45	2.673588867	[M+Na]+
10.14	-7.193817139	[M-H]-
9.06	-0.845214844	[M+H]+
9.78	0.038250732	[M+Na]+
8.38	0.34510376	[M+H]+
9.98	1.077887573	[M+H]+
9.78	3.169667358	[M-H]-
9.56	-7.421264038	[M-H]-
10.305	-0.602965088	[M+H]+
9.305	-6.511265259	[M-H]-
10	-6.928833618	[M+Na]+
7.816	0.578480225	[M-H]-
10	-2.708795166	[M+Na]+
9.78	1.100449829	[M+H]+
9.805	0.968979492	[M-H]-
8.94	3.346478882	[M+H]+
9.98	-4.360083008	[M+H]+
10	-1.443254395	[M+H]+
9.87	0.424009399	[M-H]-
9.63	-6.251087646	[M+H]+
9.055	0.828236084	[M+Na]+
10.49	-10.16492188	[M+H]+
9.99	2.199031372	[M-H]-
9.97	-2.270999756	[M+H]+
10.27	1.478382568	[M+H]+
8.8	4.440064697	[M+Na]+
7.61	-3.514255371	[M+H]+
9.8	0.434192505	[M+H]+
10.17	1.330244141	[M+H]+
9.99	0.685993652	[M-H]-
9.99	5.235925293	[M-H]-
9.67	1.506412964	[M+H]+
9.695	1.025775146	[M+Na]+
8.02	-1.199713135	[M-H]-
10.055	-2.581489258	[M-H]-
10	7.798723755	[M+H]+
9.89	-4.545952148	[M-H]-
7.63	0.25526123	[M+Na]+
6.72	0.042972412	[M-H]-
7.5	-1.287492065	[M+H]+
10.12	-8.722159424	[M+H]+
9.98	1.392371826	[M+H]+
9.62	-2.269336548	[M+H]+
9.13	1.732018433	[M-H]-
10.445	3.363076172	[M-H]-
9.86	1.917888184	[M+Na]+
8.25	0.174880371	[M+H]+
7.89	-2.099754639	[M+H]+
9.99	3.983258057	[M+H]+
9.49	2.173303223	[M+H]+
9.98	2.580641479	[M-H]-
10.336	12.76350708	[M+Na]+
9.62	-1.016994629	[M-H]-
9.94	-2.663460083	[M+H]+
8.49	3.398404541	[M+H]+
10.336	-4.977247314	[M+Na]+
10.14	3.695637817	[M-H]-
10.17	2.68524292	[M+H]+
9.664	-0.745494385	[M+H]+
8.164	0.016809082	[M+H]+
10.49	-3.700678711	[M+Na]+
10.14	0.238425293	[M-H]-
9.85	2.098427124	[M-H]-
8.45	-2.708143311	[M-H]-
8.61	1.300944824	[M+Na]+
9.99	-0.388427124	[M-H]-
9.56	1.424782715	[M+Na]+
9.1	-4.465695801	[M+Na]+
9.98	-18.76869019	[M-H]-
9.89	-3.204929199	[M-H]-
9.87	2.81720459	[M-H]-
9.67	-2.1290979	[M+H]+
5.74	2.119290771	[M-H]-
10	9.620569458	[M-H]-
10.055	7.639893799	[M+Na]+
9.914	-9.352896118	[M-H]-
10.5	1.776174316	[M+Na]+
9.78	3.073561401	[M+H]+
9.414	3.260073853	[M+Na]+
9.95	-0.133887939	[M+H]+
10.15	10.88562744	[M+Na]+
7.28	0.617608643	[M+H]+
9.89	4.626640625	[M+H]+
10.06	-15.12802368	[M-H]-
10.12	12.1682782	[M-H]-
8.02	2.823482666	[M+Na]+
9.945	-1.904534302	[M+Na]+
8.28	-0.422110596	[M-H]-
10.35	5.227628174	[M+H]+
9.56	2.257561035	[M+Na]+
8.95	0.805977173	[M-H]-
8.56	2.176891479	[M+H]+
10.48	4.256638794	[M+Na]+
9.97	7.29201416	[M-H]-
10.26	-0.909039307	[M-H]-
9.85	-3.142728882	[M+Na]+
9.87	-8.152744751	[M+Na]+
9.67	-4.117387695	[M+Na]+
9.695	0.18631958	[M+H]+
9.98	-12.52857971	[M+Na]+
8.36	-11.4121521	[M+Na]+
7.305	-3.533168335	[M+H]+
9.94	-4.232659912	[M+Na]+
9.99	1.164570312	[M-H]-
9.62	-0.942208252	[M+H]+
8.87	1.409975586	[M+H]+
10.05	-5.831106567	[M+H]+
8.086	1.377269287	[M-H]-
8.06	-0.93923584	[M+H]+
6.566	-1.815293579	[M+H]+
9.2	-0.538638916	[M+Na]+
9.695	-9.223415527	[M-H]-
9.72	4.477489014	[M+Na]+
10	-3.536040039	[M+H]+
10.17	-3.548000488	[M+H]+
10.31	1.915949707	[M-H]-
10.48	3.795999756	[M-H]-
9.92	0.617896729	[M+H]+
10.195	1.565621338	[M+H]+
8.27	0.471271973	[M-H]-
9.8	-3.292890015	[M+Na]+
10.35	0.704614868	[M+H]+
10.33	-0.373463135	[M+H]+
10.28	-1.298852539	[M-H]-
9.98	1.393349609	[M+H]+
9.98	-6.710853271	[M+H]+
10.4	-0.112167358	[M+H]+
9.63	-8.333064575	[M+Na]+
9.98	1.694200439	[M+Na]+
9.98	7.312446899	[M+Na]+
9.4	0.186334229	[M+H]+
9.414	-4.680980225	[M+H]+
9.95	1.436512451	[M+H]+
9.914	0.801590576	[M-H]-
7.543	-0.738972778	[M+H]+
10.195	1.016797485	[M+H]+
9.78	-0.225843506	[M-H]-
9.98	1.186638794	[M+H]+
7.926	-1.414598389	[M-H]-
9.85	3.926903076	[M+H]+
10.14	-2.427965088	[M-H]-
9.85	-2.203557129	[M+H]+
9.7	-1.084787598	[M-H]-
8.055	-1.340986328	[M-H]-
9.38	1.291210327	[M+H]+
9.77	-2.951124268	[M+H]+
10.42	-10.04832031	[M-H]-
10.12	6.662605591	[M+Na]+
10	-1.079395752	[M+H]+
10.24	2.466032715	[M-H]-
9.92	-2.099836426	[M+Na]+
9.74	6.728635254	[M+H]+
9.72	4.279419556	[M-H]-
9.836	0.027832031	[M+Na]+
6.74	-3.759769287	[M+Na]+
8.805	-0.587369385	[M+Na]+
10.414	1.130618286	[M+Na]+
8.37	-0.090648193	[M+Na]+
7.676	4.72522522	[M-H]-
9.195	-1.990802002	[M-H]-
10	6.784482422	[M+H]+
10.33	9.546472168	[M+H]+
9.98	-4.263565674	[M-H]-
9.95	2.221568604	[M+Na]+
10.414	-1.663589478	[M+H]+
10.08	-1.6021875	[M+Na]+
7.86	-6.214887695	[M+H]+
10.3	-3.218968506	[M+H]+
10.15	-2.815509033	[M+H]+
10.17	2.662894287	[M+Na]+
10.15	-0.350020752	[M+Na]+
10	3.66430542	[M-H]-
10.445	-0.466590576	[M+Na]+
9.35	0.695634766	[M+H]+
7.914	0.977354736	[M+H]+
9.914	2.814424438	[M-H]-
9	-4.832683105	[M+Na]+
9.97	2.812918701	[M+H]+
9.945	-7.045977783	[M+H]+
8.61	2.761561279	[M+Na]+
9.78	-2.461526489	[M+H]+
7.89	0.700837402	[M+Na]+
9.33	-1.07588623	[M+H]+
9.63	-0.411306763	[M+H]+
9.94	0.553325195	[M-H]-
8.33	-3.208596802	[M+H]+
9.61	-5.833587646	[M+Na]+
9.67	5.47439209	[M+Na]+
10.195	-3.029743652	[M-H]-
10.195	3.345119629	[M-H]-
9.83	-1.052200928	[M-H]-
9.75	-1.07805542	[M+Na]+
9.94	-5.325250854	[M+Na]+
9.95	5.314638672	[M+Na]+
10.23	-5.974053955	[M+Na]+
9.78	-0.129224854	[M+H]+
9.95	-5.414516602	[M+H]+
9.45	-1.79164856	[M+H]+
8.81	-1.465906982	[M+H]+
9.945	1.57204834	[M-H]-
9.9	-2.79581665	[M-H]-
10	4.517941895	[M-H]-
9.85	-11.41121704	[M+Na]+
8.56	-0.421187744	[M+H]+
9.87	0.473740234	[M+Na]+
10	-4.835668335	[M+Na]+
9.8	3.259376221	[M+H]+
9.69	-1.724675293	[M-H]-
8.695	-1.712161865	[M-H]-
10.48	2.481169434	[M+H]+
9.86	3.30446106	[M+Na]+
10	-1.229891357	[M+H]+
10.11	-11.18543945	[M+H]+
10.38	9.388945312	[M+Na]+
10.08	-2.46730957	[M+Na]+
10	-6.107026367	[M-H]-
9.805	-1.766767578	[M+H]+
10.27	-21.33946777	[M-H]-
10.5	1.523625488	[M+H]+
9.83	-1.337861938	[M-H]-
9.47	-3.807963867	[M-H]-
10.2	-3.530454102	[M+Na]+
8.61	1.344216919	[M+H]+
9.58	-2.727064209	[M-H]-
10.45	-3.588878174	[M+H]+
9.55	-1.460410767	[M+H]+
10.36	-0.407714844	[M+Na]+
10.49	-1.053293457	[M-H]-
10.78	2.764161377	[M-H]-
9.56	1.123739014	[M+H]+
7.88	1.69241333	[M+Na]+
10.1	-1.655770264	[M+H]+
9.87	2.666853027	[M-H]-
9.414	0.485339966	[M+H]+
6.574	-1.367926025	[M+H]+
10.33	5.847629395	[M+H]+
9.49	1.076241455	[M+H]+
10.15	-3.991678467	[M+Na]+
10.37	-2.314608154	[M+Na]+
9.45	-0.328647461	[M-H]-
10.3	-3.161867065	[M-H]-
10.17	0.326462402	[M+H]+
9.95	0.514445801	[M+H]+
9.086	-2.638775635	[M-H]-
9.98	-1.283222656	[M+Na]+
10.11	-0.119434814	[M+Na]+
9.83	3.690577393	[M+Na]+
9.83	4.428188477	[M-H]-
9.65	1.876218262	[M-H]-
9.39	-7.674031982	[M+Na]+
9.48	0.139731445	[M+Na]+
9.836	-0.068313599	[M+H]+
8.94	0.744071045	[M+H]+
7.76	-0.708706665	[M+Na]+
8.24	-1.82734375	[M+Na]+
10.02	3.353238525	[M+H]+
9.67	5.246040649	[M+H]+
10	15.91585693	[M-H]-
10.25	-6.038696289	[M+H]+
8.95	-1.199606934	[M-H]-
10.45	0.267076416	[M+H]+
7.5	1.128505859	[M+H]+
9.836	-4.413966064	[M-H]-
9.77	-4.343095703	[M+H]+
7.977	-0.235171509	[M-H]-
7.28	-2.43883728	[M-H]-
7.97	1.911070557	[M+Na]+
9.94	-0.818470459	[M-H]-
10.414	6.143343506	[M-H]-
9.37	-1.497103882	[M-H]-
8.81	-1.722095947	[M-H]-
7.086	-1.08671875	[M+Na]+
9.39	1.275568848	[M+H]+
9.44	2.388288574	[M+Na]+
10.15	-3.00581665	[M+H]+
10.35	1.696386719	[M+H]+
9.53	-8.037039795	[M+H]+
9.94	2.255221558	[M+H]+
9.67	6.50388916	[M+Na]+
9.85	-4.026972046	[M-H]-
7.434	-0.823999023	[M+Na]+
8.61	-25.19063965	[M+Na]+
9.695	4.522094727	[M+H]+
9.586	-3.128060303	[M+H]+
9.89	-10.72192261	[M-H]-
9.89	2.072068481	[M+H]+
10.19	8.144916992	[M+H]+
10	2.290524292	[M-H]-
9.78	-1.932783203	[M+H]+
9.24	3.442702637	[M+H]+
9.586	0.625581665	[M+H]+
9.98	14.94519043	[M-H]-
9.28	-0.77263855	[M-H]-
9.76	-7.153417969	[M-H]-
9.83	-0.023154907	[M+H]+
9.56	-33.3600415	[M-H]-
10.08	1.125836792	[M+H]+
9.44	-1.237302856	[M-H]-
9.95	-0.805988159	[M-H]-
7.63	1.713590698	[M-H]-
9.83	0.160153809	[M+Na]+
9.74	1.492475586	[M-H]-
10	4.801782227	[M-H]-
10.01	0.965306396	[M-H]-
9.98	0.915523682	[M+Na]+
7.023	0.390175781	[M+H]+
9.74	1.317148438	[M-H]-
10.19	-1.94722168	[M+H]+
10.05	-0.42234375	[M+Na]+
9.555	0.768735352	[M+Na]+
9.88	12.05786987	[M-H]-
9.445	-3.982671509	[M+Na]+
10	-2.473364258	[M+H]+
10.28	1.42100708	[M-H]-
9.67	-7.05822876	[M+Na]+
10.49	-2.38352417	[M+Na]+
9.13	0.519848633	[M+H]+
9.08	13.05834717	[M-H]-
10.31	22.56588318	[M+Na]+
9.98	3.114625244	[M-H]-
10	3.737384033	[M+H]+
10.28	1.50145874	[M+H]+
10.01	-4.062197266	[M-H]-
10.01	2.254993896	[M+H]+
10	-2.827393188	[M+H]+
9.39	0.380870361	[M+H]+
10.17	-0.889083252	[M+H]+
10.5	2.450272827	[M+H]+
6.727	-1.278756714	[M-H]-
9.65	0.007722168	[M-H]-
10.22	-3.863331909	[M-H]-
9.805	2.077086182	[M-H]-
10.1	-3.387370605	[M-H]-
10.305	3.839022217	[M-H]-
9.97	-1.122602539	[M+Na]+
9.88	7.624909668	[M-H]-
9.72	-5.439699097	[M+H]+
9.56	-1.271484985	[M+H]+
8.05	-0.757862549	[M+H]+
9.48	-1.901525879	[M+Na]+
9.83	2.847821655	[M+H]+
9.914	1.653448486	[M+H]+
9.99	7.825681152	[M-H]-
9.6	0.975783691	[M+Na]+
8.67	-2.536102905	[M+H]+
9.78	4.465043945	[M+Na]+
9.56	3.745758057	[M-H]-
5.76	-1.234431152	[M+H]+
10	0.688942261	[M-H]-
9.94	-1.534526367	[M+H]+
9.85	9.984422607	[M+H]+
10.31	10.94623474	[M-H]-
9.74	2.837451172	[M-H]-
10.47	-6.446412354	[M+Na]+
9.88	-5.06161377	[M-H]-
9.99	-0.14895874	[M+H]+
9.87	-3.864372559	[M+Na]+
9.85	2.243254395	[M+Na]+
9.92	-1.261606445	[M-H]-
9.95	9.722404785	[M-H]-
7.695	3.379832153	[M+Na]+
9.695	1.346551514	[M+H]+
9.11	0.167602539	[M-H]-
10.1	2.984840088	[M+H]+
9.26	2.422423096	[M-H]-
10.06	-2.02572876	[M+Na]+
9.78	-0.712944336	[M-H]-
9.99	0.479997559	[M+Na]+
10.47	-0.874411011	[M+H]+
9.53	6.206082153	[M+Na]+
10.14	3.82126709	[M-H]-
10.39	0.617895508	[M+Na]+
10.36	1.354376221	[M+Na]+
10.19	9.178530273	[M-H]-
8.44	-6.859118652	[M+Na]+
9.85	-5.121329346	[M+H]+
9.8	2.251451416	[M+Na]+
9.26	3.500701294	[M+H]+
9.73	3.284796753	[M+H]+
10.15	-3.480880127	[M+Na]+
10.27	0.953308105	[M-H]-
10.055	-4.830616455	[M+Na]+
9.305	-3.461149902	[M-H]-
9.17	-0.875720215	[M+H]+
10.12	0.912475586	[M+H]+
9.85	-1.246209106	[M+H]+
9.76	1.319310303	[M+H]+
9.65	-1.346219482	[M+H]+
10	-3.185430908	[M+Na]+
9.89	-3.794348145	[M-H]-
9.87	-2.565020142	[M+Na]+
9.83	0.013825073	[M+H]+
9.914	4.027885132	[M+Na]+
9.78	0.514753418	[M+H]+
10.47	1.835804443	[M-H]-
9.586	-5.06364502	[M-H]-
9.86	-2.489794312	[M-H]-
8.8	0.116958008	[M-H]-
9.78	-0.172002563	[M-H]-
9.74	9.452262573	[M-H]-
10.49	2.545728149	[M-H]-
9.92	5.811088257	[M+Na]+
9.83	-13.64641846	[M+Na]+
7.695	2.292221069	[M+H]+
9.95	-1.140007935	[M-H]-
9.555	-0.039771729	[M+H]+
9.44	-1.703930054	[M+H]+
9.76	0.488876953	[M-H]-
7.543	-4.797674561	[M+H]+
9.87	-1.755384521	[M+Na]+
9.05	-3.61378418	[M-H]-
9.98	-1.472802124	[M+H]+
9.336	-1.866044922	[M+H]+
10	3.34057312	[M-H]-
9.945	-8.980631104	[M-H]-
10.4	4.631159668	[M+H]+
9.87	-1.00713501	[M+H]+
9.76	-6.849481201	[M+H]+
10	3.874199219	[M+H]+
10	-4.432095947	[M+H]+
9.914	-1.79461792	[M-H]-
9.98	1.785316162	[M-H]-
9.695	-4.85272644	[M+H]+
9.72	0.867219849	[M+H]+
10.03	2.892056885	[M+Na]+
9.02	-1.922874146	[M+Na]+
9.586	5.985755005	[M-H]-
10	1.753960571	[M+H]+
10.336	-7.665047607	[M-H]-
8.445	3.788520508	[M+H]+
4.523	-2.433510742	[M+Na]+
9.555	-0.221837158	[M+H]+
9.67	-1.437440186	[M+H]+
9.74	1.130872803	[M+H]+
9.7	-1.68708374	[M-H]-
9.53	-0.3940625	[M+Na]+
10.06	-3.10677124	[M+Na]+
10.19	-0.641747437	[M+H]+
9.98	-0.147211914	[M+H]+
9.39	-3.480012817	[M+Na]+
7.684	-1.898952637	[M+H]+
8.914	-0.005213623	[M+Na]+
10	-5.359855957	[M+Na]+
9.305	7.870371704	[M-H]-
9.83	6.35538208	[M+Na]+
10.195	-3.656533203	[M+Na]+
10.02	-1.165084229	[M-H]-
9.945	-2.10626709	[M+Na]+
10.36	0.649884644	[M-H]-
9.914	-6.416154785	[M-H]-
10.22	5.747827759	[M+Na]+
9.414	10.22068848	[M-H]-
9.89	1.925212402	[M-H]-
9.65	0.06760376	[M+H]+
4.977	-1.629682617	[M-H]-
9.61	0.529710693	[M+H]+
9.64	5.824457397	[M+Na]+
9.305	-0.851862183	[M-H]-
9.19	-1.766943359	[M+H]+
8.914	0.122478027	[M-H]-
9.85	-1.762794189	[M-H]-
10.38	7.631726074	[M-H]-
9.89	-6.929420776	[M-H]-
10	-9.738532104	[M+H]+
10.336	1.408644409	[M+H]+
8.98	1.453173218	[M+Na]+
9.5	-2.353464966	[M+H]+
9.086	1.801975098	[M+H]+
9.97	-3.397168579	[M+H]+
9.87	4.602901611	[M+H]+
9.64	1.010647583	[M+H]+
10	-3.714185791	[M+Na]+
10.22	18.14629272	[M-H]-
9.9	-1.472746582	[M+Na]+
10.164	-0.979246826	[M+H]+
9.87	3.221203613	[M+H]+
9.76	1.55979126	[M+Na]+
8.44	0.060114136	[M-H]-
9.44	-6.822949219	[M-H]-
10.19	0.367271729	[M-H]-
9.37	-4.528803711	[M+Na]+
9.27	-2.87427063	[M+Na]+
9.95	-0.761454468	[M+Na]+
8.48	-2.605864258	[M+H]+
10.336	-1.846732178	[M-H]-
9.55	-0.820788574	[M+H]+
10.45	2.808666992	[M+Na]+
10	-2.143010254	[M-H]-
9.695	-1.211446533	[M-H]-
9.87	-7.537180176	[M+Na]+
10.305	1.459154053	[M+H]+
10.35	0.059656982	[M+H]+
9.914	2.253099365	[M+Na]+
10.05	-4.083244629	[M+H]+
10.086	1.351586914	[M+Na]+
10	5.515267334	[M-H]-
10.5	9.009421387	[M+Na]+
10	2.030825195	[M+H]+
9.72	0.573986816	[M+H]+
10.17	1.968618774	[M+Na]+
9.8	2.934050903	[M+H]+
10	-3.995837402	[M+H]+
10.3	5.061271973	[M+H]+
8.586	-4.343215332	[M+H]+
10.36	3.012119141	[M+H]+
10.24	-0.754122314	[M+H]+
9.75	1.398361816	[M-H]-
10	3.567053223	[M-H]-
9.94	1.060600586	[M+H]+
9.74	6.78036499	[M-H]-
10.49	2.411221924	[M+H]+
10.28	-2.816487427	[M+H]+
9.695	-2.044285889	[M+H]+
8.44	-1.515313721	[M+Na]+
9.85	-3.689147339	[M+Na]+
9.7	-0.737208862	[M+H]+
9.94	1.575404053	[M+Na]+
8.805	5.608372192	[M+Na]+
8.914	3.399627075	[M+Na]+
9.98	0.905454102	[M+H]+
9.695	-1.342126465	[M-H]-
10	-1.420708008	[M+H]+
10.19	-0.936883545	[M-H]-
9.89	4.261848755	[M+H]+
9.61	-3.281211548	[M-H]-
9.95	3.399655762	[M+H]+
9.914	-0.332681885	[M+H]+
9.45	2.927568359	[M+Na]+
9.67	-2.344786377	[M-H]-
10.28	-7.574451294	[M+Na]+
10.195	1.091199951	[M+H]+
10.47	-5.97565918	[M+H]+
9.22	-3.575733643	[M+Na]+
9.89	0.115561523	[M+H]+
10.336	-1.2777771	[M-H]-
9.63	-1.084897461	[M+H]+
10.414	4.379351196	[M+Na]+
10.25	0.846820068	[M+Na]+
10	0.939227295	[M-H]-
9.5	0.253475342	[M-H]-
9.5	-8.907758789	[M+Na]+
9.78	0.024822998	[M-H]-
9.98	1.097425537	[M+H]+
9.98	-1.411310425	[M+H]+
10.08	-1.784464111	[M+H]+
10.27	-22.81955383	[M+H]+
8.98	0.184573975	[M-H]-
10.48	5.7347229	[M+Na]+
9.22	1.345187988	[M+H]+
8.5	0.431655273	[M+Na]+
9.48	-0.188604736	[M+Na]+
7.89	-0.730332031	[M+H]+
9.99	0.466801758	[M-H]-
9.64	-3.578068237	[M-H]-
7.477	-5.20098999	[M+Na]+
10.38	-0.265587158	[M+H]+
9.99	-3.359160156	[M+H]+
10.48	-2.130852051	[M+H]+
10.445	4.793635254	[M+Na]+
10.49	4.165253906	[M+Na]+
10	-12.66536011	[M+Na]+
9.914	-2.755102539	[M+H]+
9.98	5.293798828	[M+H]+
8.12	-1.326375732	[M+H]+
9.08	-1.031495361	[M+H]+
10.4	9.732281494	[M-H]-
9.45	2.032423096	[M+Na]+
10.35	-1.033468628	[M+Na]+
9.94	1.778929443	[M+H]+
9.67	-1.712340088	[M+Na]+
9.83	-0.886032104	[M+Na]+
8.65	0.202470703	[M+Na]+
8.87	-0.287181396	[M+Na]+
9.414	0.017652588	[M+Na]+
8.52	-0.381538696	[M-H]-
9.47	-4.924953613	[M+Na]+
10.39	6.591184082	[M-H]-
9.53	2.013461914	[M-H]-
9.305	-0.778641357	[M+H]+
9.914	2.417938843	[M+H]+
9.55	1.750595703	[M+H]+
10.055	0.221295776	[M-H]-
10.414	0.855750122	[M-H]-
9.914	1.374135742	[M+Na]+
10.15	-0.00369812	[M+H]+
9.88	2.603470459	[M-H]-
9.39	-3.072989502	[M+Na]+
10	-1.331618652	[M+H]+
9.52	-3.379478149	[M-H]-
9.45	-9.434387207	[M+Na]+
9.805	-1.560308838	[M+H]+
9.94	-13.58934326	[M+H]+
9.5	-4.723656006	[M+H]+
5.24	1.244790039	[M+Na]+
10.35	-4.422557373	[M+Na]+
9.39	1.640924072	[M-H]-
10.336	-5.08527771	[M-H]-
9.44	0.886080322	[M+H]+
8.945	5.422473145	[M-H]-
10.305	4.432398682	[M-H]-
10	-0.02845459	[M-H]-
10.22	-0.922506714	[M+H]+
10	1.17913208	[M+Na]+
9.89	-1.58182373	[M-H]-
9.95	-4.689404297	[M+H]+
9.914	-0.435321655	[M+Na]+
10.44	20.72682434	[M+Na]+
9.87	-0.974651489	[M+Na]+
7.01	-2.1152771	[M-H]-
9.805	3.214998779	[M+Na]+
10.24	5.854330444	[M+H]+
9.94	6.450396118	[M+H]+
9.22	-1.394423218	[M-H]-
7.695	9.573677979	[M+Na]+
6.805	-2.072874756	[M+H]+
10.44	2.004978027	[M+H]+
10	-0.296187744	[M+H]+
10.195	0.236385498	[M+Na]+
5.523	-0.469711914	[M+Na]+
9.586	-15.04162292	[M-H]-
7.555	0.48022522	[M-H]-
9.74	1.603693237	[M-H]-
8.23	3.064008789	[M-H]-
7.598	-6.510341187	[M+Na]+
9.695	-7.741029053	[M-H]-
4.695	0.73041748	[M+Na]+
9.87	1.022078247	[M-H]-
10	1.910614014	[M-H]-
9.67	-2.025341797	[M+Na]+
9.86	0.012609863	[M-H]-
9.945	-7.95496582	[M+Na]+
9.22	0.010147095	[M+H]+
9.72	-4.765374146	[M+H]+
10	-2.134046631	[M-H]-
5.957	1.200244141	[M+Na]+
9.92	6.631103516	[M+H]+
9.836	-3.541834106	[M-H]-
10.445	-1.168687744	[M+H]+
10.15	-1.533108521	[M+H]+
9.164	-2.431555786	[M+Na]+
9.9	-1.546994629	[M+H]+
9.85	-2.914700928	[M+Na]+
10.23	4.174769287	[M+H]+
9.11	1.712575684	[M-H]-
9.89	0.156446533	[M-H]-
9.75	-0.629289551	[M+H]+
9.22	4.363594971	[M+H]+
9.95	4.473549805	[M+Na]+
9.11	1.15142334	[M+H]+
9.17	2.236401367	[M+Na]+
7.664	-1.542943115	[M-H]-
9.61	-1.165378418	[M+Na]+
10.42	-8.262618408	[M+Na]+
10.28	-2.655986328	[M+H]+
7.76	-1.288913574	[M-H]-
9.94	4.460327148	[M-H]-
9.74	-6.844971924	[M-H]-
9.17	-3.03138855	[M-H]-
6.457	0.311497192	[M+Na]+
9.17	-3.615687256	[M-H]-
7.652	-2.025871582	[M+Na]+
9.94	7.072156982	[M-H]-
9.87	-0.350916138	[M+Na]+
9.695	-0.08659729	[M+Na]+
9.92	1.457905273	[M+H]+
9.76	-0.894596558	[M-H]-
9.27	2.275388184	[M+H]+
9.74	0.550194092	[M+H]+
9.94	-2.225024414	[M-H]-
10.26	-7.015524902	[M+Na]+
8.24	3.794022827	[M+H]+
9.53	-1.353092041	[M+H]+
9.87	3.525209961	[M+H]+
9.83	-3.606298218	[M+Na]+
9.85	-6.312709961	[M+H]+
10.445	-0.763600464	[M+H]+
9.98	-8.09003418	[M+H]+
9.61	-4.006206665	[M+H]+
9.89	-1.955661621	[M+Na]+
9.95	3.133102417	[M+H]+
10.51	1.906497803	[M+H]+
9.95	-3.396572876	[M-H]-
9.85	-1.345352783	[M+H]+
9.76	2.496657715	[M+H]+
9.02	-0.847645264	[M-H]-
10.05	-2.203184814	[M+H]+
9.95	3.777928467	[M+Na]+
10.45	-12.40283081	[M-H]-
8.89	-1.275360107	[M+H]+
10.02	2.420949707	[M+H]+
10.02	6.302042236	[M+Na]+
9.74	8.056449585	[M+H]+
7.39	2.226209717	[M-H]-
9.95	-0.758919678	[M+H]+
9.06	-3.833109131	[M-H]-
10.414	-2.310187988	[M+H]+
8.97	5.6740625	[M+Na]+
10.28	-2.65744873	[M-H]-
10.15	0.615059814	[M+H]+
10.26	-3.954199829	[M+H]+
9.61	-0.970862427	[M+Na]+
9.48	4.538562012	[M-H]-
10.305	-2.453875732	[M-H]-
10.25	-2.414877319	[M+H]+
7.78	-0.585075684	[M+H]+
9.62	-3.132855225	[M+H]+
9.33	0.499309082	[M+H]+
10	-2.871855469	[M+Na]+
9.67	-0.806854248	[M+Na]+
10.44	1.646086426	[M+H]+
10.15	-0.289686279	[M+H]+
9.805	2.293765869	[M+H]+
9.49	0.845322266	[M+Na]+
10	-0.999855347	[M-H]-
9.98	13.37954224	[M+Na]+
9.695	0.89619812	[M+Na]+
7.11	-0.289150391	[M+H]+
10.02	13.43848999	[M-H]-
10.25	0.725085449	[M-H]-
10.38	-8.143738403	[M-H]-
10.445	-5.700847168	[M-H]-
10	-7.48069519	[M-H]-
10.35	2.192052002	[M+Na]+
9.086	1.112301636	[M+Na]+
10.33	0.861029663	[M-H]-
9.945	4.628902588	[M-H]-
9.81	-3.952412109	[M+H]+
10.13	10.94354309	[M+Na]+
9.97	-0.728178711	[M+Na]+
8.305	0.740227051	[M-H]-
10.24	-3.766749878	[M-H]-
9.99	0.901854248	[M+H]+
9.87	1.867250977	[M+Na]+
10.25	9.679942627	[M-H]-
9.914	2.745654297	[M+Na]+
9.72	-1.27668457	[M+Na]+
10.15	-2.171078491	[M+H]+
10	-0.492924805	[M-H]-
9.37	-16.53595703	[M+Na]+
7.22	4.881339111	[M+Na]+
10.3	2.768844604	[M+Na]+
8.95	3.587649536	[M+H]+
9.95	-0.736137695	[M+H]+
9.78	2.498803711	[M-H]-
10.14	-2.717838135	[M-H]-
10.49	1.920844116	[M+H]+
9.26	-1.209732056	[M+Na]+
10.414	3.690943604	[M+Na]+
10.48	-3.385162354	[M+Na]+
9.445	-0.406708374	[M-H]-
9.305	7.791552124	[M+H]+
9.586	6.779697266	[M-H]-
9.78	0.633348389	[M+H]+
9.195	2.2219104	[M+H]+
9.97	4.560881348	[M+H]+
6.684	0.976759033	[M+H]+
10.03	-9.443886108	[M+H]+
9.85	12.44258911	[M-H]-
10	-0.492075195	[M+H]+
10.28	-8.757495117	[M-H]-
10.13	0.128151855	[M-H]-
9.95	0.663657227	[M+Na]+
10.36	-3.845689697	[M+H]+
9.695	1.370762329	[M+H]+
9.98	-0.73628418	[M-H]-
9.85	2.06916687	[M+H]+
7.13	10.38184265	[M-H]-
10	0.993588867	[M+H]+
9.73	-9.717416382	[M+Na]+
10.02	-8.043618774	[M+Na]+
9.73	-0.465597534	[M+H]+
9.55	11.73153625	[M+H]+
9.95	2.568048706	[M+H]+
8.28	-1.315254517	[M+Na]+
8.22	-2.034456177	[M-H]-
9.86	-6.462329102	[M-H]-
10.11	-0.791352539	[M-H]-
9.97	-4.199802246	[M+H]+
9.78	4.654526367	[M+H]+
10	4.53609375	[M-H]-
9.11	2.060455322	[M+H]+
10.48	5.668721924	[M+H]+
9.52	-2.233168945	[M+H]+
10.28	2.023336182	[M+H]+
6.25	-2.242526855	[M+H]+
9.39	0.318692627	[M+Na]+
9.78	-16.15227173	[M-H]-
9.9	4.799105225	[M-H]-
9.56	-1.662594604	[M+Na]+
9.8	-2.398547974	[M+H]+
10	-3.112694092	[M+H]+
9.74	0.315422363	[M-H]-
7.24	-1.262437134	[M+H]+
8.8	4.47916626	[M+Na]+
9.03	0.873027954	[M-H]-
10.31	-1.055006104	[M-H]-
10.12	-1.386773682	[M+H]+
9.83	-1.666097412	[M+H]+
10.48	2.284707642	[M-H]-
9.55	-2.237103271	[M+Na]+
10.44	6.894550781	[M-H]-
10.14	-1.999864502	[M+H]+
9.64	-2.62168335	[M+H]+
9.74	2.833314209	[M+H]+
9.83	1.058317871	[M+Na]+
5.89	0.895256348	[M+H]+
10.305	3.927255859	[M-H]-
8.5	6.274378662	[M+Na]+
10.27	-2.464199219	[M+H]+
7.39	-4.241014404	[M+H]+
10.23	-6.247781982	[M-H]-
10.11	2.075021973	[M+H]+
9.805	-1.548096924	[M+H]+
9.99	-3.017790527	[M+H]+
9.26	1.008144531	[M+Na]+
9.94	-1.245184326	[M+Na]+
9.48	2.964498901	[M-H]-
10.414	3.311850586	[M-H]-
10.01	-8.104904785	[M+H]+
9.89	8.011416016	[M-H]-
7.227	7.701719971	[M-H]-
10.086	4.526353149	[M+H]+
7.99	4.927047119	[M+H]+
9.72	0.536937256	[M+H]+
10.17	0.487894287	[M+Na]+
10.5	-2.878217163	[M+Na]+
7.78	-0.112783203	[M+Na]+
9.39	1.187636108	[M+H]+
9.45	-6.69262085	[M+H]+
8.414	-0.380986328	[M+H]+
9.99	2.501582031	[M+H]+
9.74	-1.173873291	[M+H]+
10.42	-2.717061768	[M+Na]+
9.76	0.734122314	[M+H]+
8.78	2.745568848	[M-H]-
9.11	-3.063847656	[M+Na]+
10.23	0.169217529	[M+H]+
9.94	-5.531697388	[M+Na]+
10.33	0.276131592	[M+H]+
9.94	-1.447756348	[M+H]+
6.805	-1.219154053	[M+H]+
10.445	6.933814697	[M-H]-
8.414	-16.65415039	[M+Na]+
10.02	-5.688018799	[M-H]-
10.06	-6.592036743	[M+Na]+
8.805	1.203034058	[M-H]-
9.67	5.98102417	[M+H]+
10.25	-2.641768799	[M+Na]+
8.086	1.006444092	[M+Na]+
8.77	4.250392456	[M+H]+
9.63	-1.916728516	[M+H]+
10.25	0.706564941	[M-H]-
9.78	-0.928527832	[M+H]+
9.95	-0.09802063	[M+H]+
9.28	-0.430181885	[M+H]+
9.6	2.634876709	[M+H]+
9.45	1.30887085	[M+Na]+
9.42	-1.483964844	[M+Na]+
9.85	-5.041165771	[M+Na]+
9.89	0.892658691	[M+H]+
9.74	-4.879350586	[M+Na]+
8.2	1.068106079	[M+H]+
9.914	-0.811966553	[M+Na]+
9.35	-5.362802124	[M+Na]+
9.805	-2.067526245	[M+Na]+
9.95	1.888391113	[M+Na]+
9.914	12.52658813	[M+H]+
9.83	-1.65423584	[M+H]+
10.31	-3.775880127	[M+Na]+
9.95	1.443516846	[M+H]+
9.3	-0.36894043	[M-H]-
9.94	-0.178082275	[M+H]+
9.28	1.260548096	[M-H]-
6.824	-0.291473999	[M-H]-
10.45	3.521342773	[M-H]-
8.67	4.511166992	[M-H]-
7.543	-0.174303589	[M+Na]+
10.3	-4.288478394	[M+H]+
9.89	-9.355706177	[M+Na]+
10.13	-8.512164917	[M-H]-
9.9	0.306282349	[M+H]+
10.24	0.790249023	[M+Na]+
9.99	4.95625	[M+Na]+
9.95	3.882080078	[M-H]-
9.92	1.659816895	[M-H]-
9.72	-4.742420654	[M-H]-
10.086	9.027528687	[M-H]-
10.19	3.175194092	[M+Na]+
10.3	-7.461043701	[M+H]+
9.914	5.370858154	[M-H]-
9.74	-3.701705933	[M+H]+
10	-5.061177979	[M+Na]+
9.914	-7.72604126	[M-H]-
10	-0.236445312	[M+H]+
9.89	-8.271522217	[M-H]-
10.164	-6.731856689	[M+H]+
9.98	-14.3609845	[M-H]-
9.72	-0.973646851	[M+H]+
9.67	1.410241699	[M+Na]+
9.87	3.524449463	[M+H]+
9.94	-0.958441772	[M-H]-
10.22	10.3428009	[M-H]-
9.76	2.717765503	[M+Na]+
10.414	-2.392385864	[M+H]+
9.19	-1.172575684	[M-H]-
9.88	-2.965998535	[M+H]+
9.76	3.34482666	[M+H]+
9.36	2.0012146	[M+H]+
9.836	3.591253662	[M+H]+
9.36	-8.161733398	[M+Na]+
9.85	-2.610019531	[M+H]+
9.36	15.71649414	[M-H]-
9.73	-2.897983398	[M+H]+
10.38	-3.045112305	[M+H]+
10.26	0.50449585	[M+H]+
10	-4.653417969	[M-H]-
10.15	-0.71350647	[M+Na]+
9.914	-7.951827393	[M+H]+
9.95	6.254785156	[M+Na]+
9.94	-4.721123657	[M+H]+
10	1.491496582	[M+H]+
9.76	0.648448486	[M-H]-
10.42	-0.310639648	[M+Na]+
10.3	-3.36437561	[M+Na]+
9.89	-4.051187744	[M-H]-
9.83	-0.893671875	[M-H]-
10.47	-3.874272461	[M-H]-
9.72	-7.380523682	[M+H]+
9.83	-1.388778076	[M-H]-
9.414	0.244945679	[M+H]+
9.85	2.677979736	[M+H]+
9.98	-2.017178955	[M+H]+
8.83	1.068980713	[M-H]-
9.83	-6.276177979	[M+H]+
10	-0.569119873	[M-H]-
9.76	6.237914429	[M-H]-
10.39	2.164592285	[M+H]+
10	2.115424805	[M+H]+
10.336	-2.215111084	[M+Na]+
9.87	-3.182813721	[M+H]+
9.33	4.210803223	[M+Na]+
10.47	6.418199463	[M+H]+
8.164	2.355940552	[M+Na]+
10.33	1.260667725	[M+H]+
7.402	0.07647583	[M+H]+
9.914	-3.064719238	[M+H]+
10.23	6.655913086	[M-H]-
9.28	-1.613101807	[M+H]+
7.695	3.730175781	[M+Na]+
10.37	-0.959193115	[M+H]+
6.78	2.901098633	[M-H]-
9.945	-4.676943359	[M-H]-
8.25	11.52380798	[M+Na]+
9.65	2.687293701	[M+H]+
10	1.061165771	[M+Na]+
9.76	-2.331879883	[M+H]+
9.99	-5.485654297	[M-H]-
10.14	-4.000672607	[M+Na]+
9.78	-3.942393799	[M-H]-
8.414	1.358547363	[M+Na]+
9.836	3.558859863	[M-H]-
9.78	2.42404541	[M+H]+
9.47	1.081009521	[M+H]+
10.45	-5.869084473	[M+H]+
7.957	20.1411438	[M+Na]+
8.67	-5.87284668	[M-H]-
10.15	1.909301758	[M-H]-
9.97	-3.645159302	[M+H]+
8.76	-0.223273315	[M+H]+
10	3.393338623	[M+H]+
9.6	-2.374689941	[M+H]+
10.02	-7.351879272	[M+H]+
10.44	-2.305133057	[M+H]+
9.97	-10.20918457	[M+Na]+
9.95	-2.690522461	[M+Na]+
8.805	-0.380936279	[M+Na]+
9.805	0.215557861	[M-H]-
9.586	1.24935791	[M-H]-
7.957	-1.631699829	[M-H]-
10.195	-9.648344727	[M+Na]+
8.805	3.596159668	[M+H]+
9.5	3.995062256	[M+Na]+
10	3.711300049	[M+H]+
10.37	1.633084717	[M+H]+
10	1.485269775	[M+H]+
7.316	1.791873779	[M+Na]+
9.98	-2.689052124	[M+Na]+
8	1.047379761	[M+H]+
9.98	-0.419257813	[M+Na]+
10.5	0.353937988	[M-H]-
10.33	-0.242478027	[M-H]-
9.81	1.705689697	[M+H]+
7.977	28.03157471	[M-H]-
10.336	-3.92130249	[M+H]+
10.22	-2.424647217	[M+H]+
8.24	2.109905396	[M+Na]+
10	-4.655811768	[M+H]+
7.01	-1.698383179	[M+H]+
10.48	8.30175415	[M+Na]+
9.305	0.152356567	[M+H]+
10.1	-0.172539062	[M+H]+
10.35	-2.107624512	[M+Na]+
9.805	-0.649295654	[M+H]+
10	-3.975964355	[M+H]+
10.414	13.83135498	[M+H]+
10.3	-4.535887451	[M-H]-
9.49	3.378577881	[M+H]+
9.67	1.361998901	[M-H]-
9.98	-8.344249268	[M-H]-
9.86	-0.719395752	[M-H]-
9.77	4.211843262	[M-H]-
10.414	-2.040910645	[M-H]-
9.45	3.60020752	[M-H]-
9.805	-0.291055298	[M+Na]+
10.14	6.171539307	[M-H]-
9.64	-2.693984985	[M+H]+
9.94	-3.39430481	[M+H]+
9.95	-2.548466187	[M+Na]+
9.94	-0.371994629	[M-H]-
9.85	1.835184326	[M+Na]+
9.24	-2.460015259	[M+Na]+
10.14	0.416745605	[M-H]-
10	7.068236084	[M-H]-
9.83	2.473994141	[M+Na]+
9.94	3.681484375	[M-H]-
9.85	1.46935791	[M-H]-
9.164	-0.895973511	[M-H]-
9.67	1.825058594	[M+H]+
9.56	4.30355835	[M+H]+
9.5	-2.490286255	[M+H]+
7.805	3.089415283	[M+H]+
9.69	7.005111694	[M-H]-
9.49	-0.721113281	[M-H]-
10.06	-0.958724365	[M-H]-
8.85	-2.411622314	[M+H]+
9.98	-0.554549561	[M+Na]+
10.22	3.612526245	[M-H]-
10.055	-1.818053589	[M+Na]+
10.28	3.279035645	[M-H]-
10.445	-1.301381836	[M+H]+
8	2.594778442	[M-H]-
10	3.684264526	[M+Na]+
9.92	-1.539025269	[M+H]+
8.94	3.126469116	[M+H]+
9.95	-12.54845703	[M-H]-
10.13	-2.411071777	[M+H]+
7.61	1.015060425	[M+H]+
10.26	5.436978149	[M+H]+
10.45	4.957172852	[M+H]+
8.52	1.889533691	[M+H]+
10.15	12.34842896	[M+H]+
10	1.119822998	[M+Na]+
9.52	-2.473968506	[M-H]-
10.27	2.97522583	[M+Na]+
10.33	2.970570068	[M-H]-
10	1.18463501	[M-H]-
9.89	2.230916748	[M+Na]+
10.305	-12.7308667	[M+H]+
8.85	3.593399658	[M-H]-
9.914	3.058493652	[M+H]+
7.75	-1.531196289	[M-H]-
10.23	8.482762451	[M-H]-
10.28	7.34208374	[M-H]-
9.88	2.70637085	[M+H]+
9.33	-4.739085693	[M+H]+
8.65	0.360359497	[M+Na]+
10.3	-3.935791016	[M+Na]+
9.39	-0.004768677	[M+H]+
10.15	2.329222412	[M+Na]+
9.75	-2.765002441	[M+H]+
10.49	3.912025146	[M+H]+
9.75	0.139744263	[M+Na]+
10.45	-4.824841309	[M-H]-
7.37	2.027103882	[M-H]-
9.78	-1.196210938	[M+Na]+
8.9	0.756625977	[M-H]-
8.44	-0.36944519	[M-H]-
10.22	4.124920654	[M-H]-
10	12.35621704	[M-H]-
10.27	-0.25819458	[M+Na]+
9.97	-6.26029541	[M+Na]+
9.85	2.009946899	[M+H]+
9.22	0.740822754	[M+Na]+
9.89	0.177229004	[M+H]+
8.85	1.572352295	[M+Na]+
9.94	-20.90825623	[M-H]-
9.7	1.78449707	[M+Na]+
10.28	7.637987061	[M-H]-
10.01	-7.553414307	[M+Na]+
10.38	-13.3883844	[M-H]-
10.26	-3.200934448	[M-H]-
9.99	0.960688477	[M+H]+
9.89	-10.17664917	[M-H]-
9.74	-1.809348145	[M+H]+
10.03	-0.184533081	[M+H]+
9.805	1.302902832	[M+H]+
9.87	9.915571289	[M+Na]+
9.914	-1.591682129	[M-H]-
9.37	2.551921387	[M+Na]+
8.73	1.643041382	[M+Na]+
10.39	0.188687744	[M-H]-
9.69	4.103308105	[M+H]+
9.45	1.478882446	[M+Na]+
9.88	5.273193359	[M-H]-
7.652	-6.947706299	[M-H]-
8.95	-5.7699646	[M-H]-
10.19	0.526705322	[M+Na]+
9.87	-4.632631836	[M+H]+
8.73	0.944592285	[M+Na]+
10.13	-0.807113037	[M+Na]+
6.63	-3.733327637	[M+H]+
10.11	-8.874927979	[M-H]-
10	1.818071289	[M+Na]+
9.78	-1.177730713	[M+Na]+
9.62	-2.096782227	[M+H]+
9.65	2.222584839	[M-H]-
8.555	6.660346069	[M-H]-
9.914	-0.37361145	[M-H]-
9.94	-5.84425415	[M+H]+
9.49	2.490367432	[M+Na]+
9.45	4.206182861	[M-H]-
9.98	1.864416504	[M-H]-
7.977	-2.004173584	[M-H]-
8.67	0.741646118	[M-H]-
9.65	2.645038452	[M+H]+
9.74	0.221362305	[M-H]-
9.72	0.041594849	[M+H]+
10.17	2.37402832	[M-H]-
9.52	-3.707352295	[M+Na]+
9.98	-8.186566162	[M+H]+
9.67	-1.869818726	[M+H]+
9.61	1.8190448	[M+H]+
7.26	1.583317871	[M+Na]+
9.836	-16.43256104	[M-H]-
10.5	-1.913739014	[M-H]-
10.42	-1.607404175	[M+H]+
9.95	3.587351074	[M-H]-
9.98	-1.163786621	[M+Na]+
9.72	-5.344287109	[M+H]+
9.95	-1.611555786	[M+Na]+
7.51	1.267645264	[M+Na]+
9.65	4.601682129	[M-H]-
9.52	3.547785034	[M+H]+
10.445	0.996069336	[M+H]+
9.94	10.01390259	[M+Na]+
7.89	-0.109246826	[M-H]-
9.98	8.917716675	[M+Na]+
9.69	6.189873047	[M+Na]+
9.98	-1.496973877	[M+Na]+
9.7	-2.435356445	[M+H]+
9.695	2.950693359	[M-H]-
10.36	-8.895209961	[M+H]+
9.77	8.995791016	[M+H]+
9.945	-4.842606201	[M+H]+
10.2	-1.549012451	[M-H]-
9.664	-0.022247314	[M+Na]+
10.445	4.253203735	[M-H]-
10.23	0.917646484	[M+Na]+
9.85	4.449946289	[M+H]+
9.94	3.458902588	[M+H]+
9.805	1.875844727	[M+H]+
7.914	-1.223566895	[M+H]+
10.02	-4.478808594	[M-H]-
10.06	-1.310251465	[M+H]+
10.414	-9.712380371	[M+H]+
10.39	5.654788818	[M-H]-
9.74	5.066644897	[M-H]-
9.305	-1.502524414	[M+Na]+
9.08	2.403311768	[M+H]+
9.805	4.445375977	[M+H]+
10.26	6.036424561	[M+H]+
7.957	-8.598265381	[M+H]+
9.87	1.922906494	[M-H]-
9.83	-4.626408691	[M+Na]+
9.48	-14.21698792	[M-H]-
10.15	-1.604619751	[M+H]+
10.39	-3.567626343	[M-H]-
9.97	2.741600342	[M-H]-
9.63	3.294718018	[M-H]-
9.78	0.286971436	[M-H]-
10.24	5.040930176	[M+Na]+
9.914	2.164880371	[M+H]+
9.48	2.636101074	[M+H]+
10	-1.357107544	[M+Na]+
9.83	-2.601000977	[M+H]+
10.1	-10.16224792	[M+Na]+
8.56	-2.086078491	[M-H]-
9.12	2.14328064	[M+H]+
9.63	1.286065063	[M-H]-
7.61	-0.363430176	[M+H]+
10.305	2.938150635	[M-H]-
9.85	6.387642212	[M-H]-
9.61	-0.665852051	[M+Na]+
10.42	3.152409668	[M+Na]+
10.31	-1.588345947	[M+H]+
10.055	-4.06614624	[M-H]-
9.26	0.904000854	[M-H]-
10	-11.824104	[M+H]+
10.13	-0.257706909	[M+H]+
8.61	-1.699708252	[M+Na]+
7.695	3.69390564	[M+Na]+
9.695	-9.701278076	[M-H]-
10.1	-3.948376465	[M+H]+
9.76	5.6290271	[M+Na]+
9.78	0.176365967	[M+H]+
10.28	4.369002686	[M+Na]+
10.25	1.258286743	[M+H]+
9.586	-1.159359131	[M+Na]+
9.65	10.25625305	[M-H]-
9.23	0.60217041	[M+Na]+
9.89	-2.24645874	[M+H]+
8.95	3.613342285	[M+Na]+
10.33	1.943145752	[M+Na]+
9.39	0.099524536	[M+H]+
9.94	4.667606812	[M-H]-
9.5	2.637258911	[M+Na]+
9.36	-2.786835938	[M+H]+
10.45	-0.196226807	[M+H]+
8.63	6.59E-05	[M+Na]+
10.22	3.562844238	[M+H]+
10	2.840184326	[M+Na]+
9.56	-1.294396362	[M-H]-
10	-4.687520752	[M+H]+
10.24	1.165814209	[M+Na]+
9.99	3.566868896	[M+H]+
9.85	-3.906011963	[M+H]+
9.4	1.333453369	[M+Na]+
10.305	-1.811858521	[M+H]+
10	-8.231236572	[M+H]+
10	-5.657056885	[M+H]+
9.77	-5.85901062	[M-H]-
10	-2.113010864	[M-H]-
10.49	-5.470180664	[M+H]+
9.914	-0.290119629	[M+H]+
10.02	-0.674924316	[M-H]-
9.87	-2.447530518	[M+H]+
9.45	0.094066162	[M+H]+
9.86	0.942099609	[M-H]-
10	-2.597589111	[M+Na]+
9.98	-0.454395142	[M-H]-
10.414	-1.705661621	[M-H]-
10.27	3.797928467	[M+H]+
9.81	-0.62331665	[M-H]-
9.76	-1.104933472	[M+H]+
9.586	6.955853271	[M+H]+
9.19	-3.478618164	[M+H]+
10.31	2.936502686	[M-H]-
9.78	-1.161083984	[M-H]-
9.99	-0.563470459	[M+Na]+
9.89	0.162651367	[M-H]-
9.98	-2.189493408	[M+H]+
10.47	0.324512939	[M+H]+
9.8	-2.516025391	[M-H]-
9.95	-7.111621094	[M+Na]+
10.14	-5.011289062	[M-H]-
10	-4.800983887	[M+H]+
9.72	-10.21519287	[M-H]-
9.22	13.1185907	[M-H]-
9.94	1.604439697	[M-H]-
9.67	-0.43468689	[M+H]+
10.33	2.214408569	[M-H]-
9.37	-1.201204834	[M+Na]+
9.92	-1.373584595	[M+H]+
10.445	-4.012110596	[M-H]-
9.414	6.396213379	[M-H]-
8.51	-3.579082031	[M-H]-
9.95	1.726120605	[M+H]+
10.1	-17.1034021	[M-H]-
9.95	-7.279365234	[M+H]+
5.793	0.151032104	[M+H]+
10.445	-1.757543945	[M-H]-
9.42	-2.223837891	[M-H]-
10.4	-6.550350952	[M+H]+
9.65	-1.783439941	[M-H]-
9.72	3.432574463	[M+Na]+
9.86	-1.077441406	[M+Na]+
9.98	-14.13795654	[M+H]+
7.934	-3.564985962	[M+H]+
10.37	0.937896118	[M+Na]+
9.92	1.487440186	[M-H]-
8	-3.10545166	[M-H]-
9.65	3.509865723	[M+Na]+
6.26	-0.822924805	[M+Na]+
9.73	-3.622094116	[M-H]-
9.89	6.073583374	[M-H]-
8.24	-0.70953064	[M+Na]+
8.64	0.313846436	[M+Na]+
9.94	2.717734375	[M-H]-
8.08	-3.167922363	[M-H]-
6.523	-0.773085938	[M+H]+
9.95	8.775847778	[M+Na]+
9.65	5.457562866	[M-H]-
10.06	4.473399658	[M-H]-
9.664	6.301812744	[M-H]-
8.97	-0.186849365	[M+H]+
10.35	1.860753784	[M+Na]+
10.19	0.720579834	[M-H]-
9.94	14.93239502	[M+Na]+
10.44	3.742521973	[M+H]+
10.05	-2.03562439	[M+H]+
10.1	1.008953857	[M-H]-
9.99	-2.777768555	[M+H]+
10.24	-2.170665283	[M+Na]+
10.305	-8.741865845	[M-H]-
8.13	-2.533939209	[M+Na]+
9.63	1.327433472	[M+H]+
10.5	1.646013184	[M+H]+
8.05	-0.776723633	[M+H]+
9.75	-1.753704224	[M+H]+
9.695	-1.693664551	[M-H]-
8.39	1.392190552	[M+Na]+
8.98	0.634112549	[M+Na]+
10.23	-2.137220459	[M+H]+
9.45	0.574197998	[M+H]+
8.89	4.32480957	[M+Na]+
9.75	2.083190308	[M+Na]+
9.98	-2.900345459	[M-H]-
9.73	-1.041934814	[M+Na]+
8.94	0.315910645	[M+Na]+
9.95	5.511672363	[M-H]-
10.19	-0.249738159	[M+H]+
9.95	2.950158691	[M-H]-
8.805	-3.308939209	[M-H]-
10.2	4.034481201	[M-H]-
10.4	-14.49374146	[M-H]-
9.85	-0.854398193	[M+Na]+
9.98	-2.705899658	[M+H]+
10.49	5.343172607	[M+Na]+
9.78	-4.793973389	[M+Na]+
7.76	-0.306655273	[M+Na]+
9.76	3.058266602	[M+H]+
9.24	0.460380859	[M+H]+
9.48	0.287241211	[M+H]+
10.35	5.152091675	[M+H]+
9.95	2.141253662	[M+Na]+
9.695	2.405793457	[M-H]-
10.414	-0.798187256	[M+H]+
9.88	-3.070472412	[M-H]-
10.33	-4.816804199	[M+H]+
10.12	-9.736502686	[M+Na]+
9.15	-1.444401245	[M-H]-
10.48	-1.962880859	[M+H]+
10.01	1.972043457	[M+Na]+
9.28	1.253022461	[M+H]+
10.4	4.48697876	[M+H]+
9.94	-2.192058105	[M+H]+
9.7	-1.315610352	[M+Na]+
9.664	-0.801966553	[M+Na]+
9.97	1.595063477	[M-H]-
10.17	-7.344202881	[M-H]-
9.414	-0.398909912	[M+Na]+
9.695	-12.6792511	[M+H]+
9.305	3.29395752	[M+Na]+
10.01	8.101694946	[M+H]+
8.5	-1.142142334	[M+H]+
9.805	-3.568056641	[M+Na]+
9.805	-3.686118774	[M-H]-
9.95	0.567365723	[M+H]+
9.22	-2.830975342	[M+H]+
10.2	25.90761475	[M-H]-
8.2	-5.670019531	[M+Na]+
10.14	0.564955444	[M-H]-
10	-1.145523682	[M+H]+
9.23	-3.294125977	[M+H]+
9.13	1.636999512	[M+Na]+
9.35	1.041743164	[M+H]+
9.76	5.88680481	[M+H]+
9.63	2.614736328	[M+Na]+
9.95	2.809907227	[M+H]+
9.414	-1.948566895	[M+H]+
10.305	-6.354812012	[M+Na]+
10.35	-0.024442139	[M+H]+
9.44	-10.63418213	[M-H]-
10.445	4.097695313	[M+Na]+
9.95	1.536921997	[M+Na]+
9.805	-2.489816895	[M+H]+
10.5	-0.600351563	[M-H]-
8.87	1.335372314	[M+H]+
9.63	4.722836914	[M-H]-
9.58	2.93887085	[M+H]+
9.94	6.110438843	[M+H]+
9.63	0.497225342	[M-H]-
9.89	-0.056502686	[M-H]-
9.414	2.437654419	[M-H]-
9.42	0.169134521	[M-H]-
10	5.935455322	[M+Na]+
8.72	0.194802856	[M+Na]+
10.5	16.5927124	[M-H]-
9.695	-0.393458252	[M-H]-
10.305	-2.118344727	[M+Na]+
9.37	0.01810791	[M+Na]+
10	3.41494812	[M-H]-
9.87	1.646985474	[M+Na]+
9.74	5.191925659	[M+H]+
9.555	-1.627755127	[M+H]+
10	-10.77295532	[M-H]-
10.086	-2.538634644	[M-H]-
10	-5.640049438	[M-H]-
9.74	0.913262939	[M-H]-
6.53	1.262530518	[M+H]+
10.195	2.73269043	[M+Na]+
8.8	2.650026245	[M+H]+
10.35	5.628257446	[M+Na]+
10	-2.189875488	[M+H]+
9.914	-1.264353027	[M+H]+
9.39	2.029343262	[M+H]+
10.33	4.260371094	[M+H]+
9.89	6.878668213	[M+H]+
9.5	1.934220581	[M+Na]+
10.586	0.519637451	[M-H]-
10.1	2.688242188	[M-H]-
9.89	4.311408691	[M-H]-
10.69	-10.36688599	[M+Na]+
9.67	6.247294922	[M+Na]+
10	10.70505859	[M-H]-
9.12	-11.10521057	[M+Na]+
10.45	5.794338989	[M+H]+
8.76	1.528664551	[M+H]+
9.83	1.098362427	[M+H]+
8.28	-0.314472656	[M+H]+
10	5.028483276	[M-H]-
10.48	1.16812439	[M-H]-
7.195	5.372021484	[M+Na]+
9.97	-2.222556152	[M+H]+
10.42	-3.982384033	[M+H]+
9.805	2.029343262	[M+H]+
9.63	-1.470443726	[M+H]+
9.55	-2.581706543	[M+H]+
9.805	0.754619141	[M+H]+
10.47	-3.43392395	[M+H]+
10.445	-0.161464233	[M+H]+
9.73	-1.346256714	[M+H]+
9.305	-1.49473877	[M+H]+
6.695	-1.348676758	[M+H]+
10.4	1.232128906	[M-H]-
9.805	4.872525635	[M-H]-
9.83	-0.805318604	[M-H]-
10.12	-0.190571289	[M-H]-
10.42	3.92401123	[M-H]-
9.06	0.048125	[M+H]+
9.56	-2.049155273	[M+H]+
10.48	2.631859131	[M+H]+
10.45	-1.197408447	[M+H]+
9.02	-2.369990845	[M+Na]+
10.48	2.069331055	[M-H]-
10.19	-11.99501953	[M+Na]+
10	3.08026001	[M-H]-
10.336	0.528311157	[M-H]-
10.39	-0.058501587	[M+H]+
10.17	1.994832153	[M-H]-
9.7	-0.4325177	[M+H]+
8.26	-1.136939087	[M+H]+
9.17	1.024972534	[M+H]+
9.95	-0.234308472	[M+H]+
10.13	0.261074219	[M+H]+
9.87	-4.307703857	[M+H]+
9.15	2.533884888	[M+H]+
9.88	2.763988037	[M+Na]+
8.086	-4.063536377	[M-H]-
10	-2.553908691	[M+Na]+
10.38	0.561149292	[M+H]+
10.27	3.434349976	[M+Na]+
5.652	0.330748291	[M-H]-
10	-1.863607178	[M+H]+
9.88	1.50152771	[M+H]+
7.824	-1.330228271	[M+H]+
9.805	-0.885321045	[M+H]+
10.24	1.601134033	[M-H]-
10.414	-6.638027344	[M+Na]+
10	-1.026397705	[M+Na]+
10.26	-5.114393311	[M+H]+
9.56	0.674408569	[M-H]-
10.01	-2.505603027	[M+H]+
10.35	-8.794723511	[M-H]-
9.69	-1.376669922	[M-H]-
10.1	-4.802988892	[M+H]+
10	-4.077141113	[M+H]+
9.95	-0.238842773	[M-H]-
8.22	-2.106276245	[M+H]+
9.65	4.515806885	[M+H]+
9.85	4.093118286	[M-H]-
9.35	3.705754395	[M+H]+
8.39	0.664458008	[M+H]+
9.836	0.425959473	[M+H]+
7.957	-7.948820801	[M+Na]+
10.13	-0.347338867	[M+Na]+
9.8	-5.564943237	[M+Na]+
9.33	2.33670166	[M+H]+
9.87	3.182911377	[M+H]+
9.97	-2.713591309	[M-H]-
9.22	2.970427856	[M-H]-
10.05	3.226533203	[M+H]+
9.14	-4.408110352	[M+H]+
10.37	-1.786536865	[M+H]+
8.98	-2.889366455	[M+H]+
9.99	0.179459229	[M+H]+
10	-1.09317627	[M+H]+
9.97	-2.682022705	[M+H]+
9.45	0.531444092	[M-H]-
9.4	0.647127075	[M-H]-
9.26	-0.405490723	[M+H]+
8.53	-5.506567383	[M+Na]+
9.86	4.422631836	[M-H]-
9.98	-1.923818359	[M-H]-
9.1	-1.126984863	[M+H]+
10.586	-3.72086792	[M+H]+
9.63	-0.111252441	[M+H]+
10.2	2.253549805	[M+H]+
7.72	2.883074951	[M+H]+
10.37	-9.10654541	[M+H]+
10.01	-2.192425537	[M-H]-
9.85	2.452393799	[M+H]+
9.22	-4.442521362	[M+Na]+
10.25	-1.585462036	[M-H]-
9.63	2.003729858	[M-H]-
9.74	1.952514648	[M+H]+
9.98	-9.46713501	[M+Na]+
9.87	4.569316406	[M+Na]+
9.95	0.053895264	[M-H]-
9.74	-1.808446045	[M+Na]+
9.39	1.987449341	[M-H]-
9.99	-0.974399414	[M+H]+
9.85	6.836959839	[M-H]-
9.914	9.065113525	[M+H]+
10.1	4.308568115	[M+H]+
6.652	-21.80589905	[M+Na]+
9.95	-4.718248291	[M+H]+
10.5	-0.00883728	[M+H]+
8.85	3.492739868	[M+Na]+
8.27	6.55663269	[M-H]-
9.55	5.471971436	[M+H]+
9.695	-0.038751831	[M+Na]+
9.805	0.568046875	[M-H]-
7.652	0.424140625	[M+Na]+
10.25	-4.391968994	[M+Na]+
8.52	0.262050781	[M-H]-
10.38	-0.849855347	[M+H]+
10	2.172981567	[M+H]+
10.5	-5.498596191	[M-H]-
9.78	3.977394409	[M-H]-
9.7	-2.157438965	[M+Na]+
9.98	-8.769970703	[M-H]-
8	-1.972657471	[M-H]-
8.65	-3.156871338	[M+Na]+
10.33	3.113606567	[M+Na]+
9.914	-10.34393433	[M-H]-
9.94	-2.890240479	[M+H]+
9.92	-2.039145508	[M-H]-
9.914	-7.499711914	[M+Na]+
9.83	7.306605225	[M+H]+
9.914	4.146496582	[M+H]+
10.44	-3.60913269	[M+Na]+
10.14	0.574343262	[M+H]+
9.945	1.351060181	[M+Na]+
9.05	-3.594241943	[M-H]-
10.1	-1.930831299	[M+Na]+
8.95	2.451970215	[M-H]-
10.03	-4.017286377	[M-H]-
10.6	-2.738091431	[M+H]+
10	-1.471141357	[M+H]+
10.67	-6.813677979	[M-H]-
9.89	1.195241699	[M+Na]+
9.48	0.255811768	[M+Na]+
7.695	4.648191528	[M+H]+
8.36	4.978199463	[M-H]-
7.477	-2.245356445	[M+Na]+
9.914	-7.802164307	[M+Na]+
9.97	-5.76482605	[M-H]-
10.414	0.837280273	[M+H]+
9.63	-2.762183838	[M-H]-
10.23	-2.23342041	[M+H]+
9.51	-5.541960449	[M-H]-
10.086	-0.277714233	[M-H]-
10.42	0.487316895	[M+H]+
10.3	1.119272461	[M-H]-
9.89	1.870819092	[M+H]+
10.45	1.957030029	[M+H]+
10.45	3.059645386	[M+H]+
8.94	-1.888358154	[M+Na]+
9.39	6.009197388	[M+H]+
8.95	-0.400234985	[M+H]+
10	-3.100877686	[M-H]-
9.01	0.514694824	[M+H]+
9.28	-0.283199463	[M-H]-
9.914	-3.615742187	[M+Na]+
9.72	4.229346924	[M+Na]+
9.98	2.159473267	[M-H]-
10	0.134038086	[M+H]+
9.83	-0.638068848	[M-H]-
8.85	-2.860695801	[M-H]-
8.99	0.890860596	[M+H]+
9.95	8.32807251	[M+H]+
10.26	-2.50244812	[M-H]-
9.87	-2.168675537	[M+H]+
10	3.056682129	[M+Na]+
7.086	-8.409449463	[M+H]+
9.85	-3.351332397	[M-H]-
9.55	-6.143831177	[M-H]-
9.35	1.718477783	[M+Na]+
10.36	-3.73430603	[M+H]+
10	3.536954346	[M+H]+
9.2	0.122161255	[M+Na]+
9.5	2.01730957	[M+Na]+
7.434	0.62159668	[M+Na]+
9.89	-4.123494873	[M-H]-
8.914	3.201141968	[M+Na]+
9.44	3.099482422	[M+Na]+
9.64	-0.262401123	[M+H]+
9.75	5.599017944	[M+H]+
8.67	5.297526855	[M-H]-
9.76	-0.592324219	[M+H]+
8.95	-4.392667236	[M+Na]+
10.42	0.181207886	[M+Na]+
9.47	2.731810913	[M+H]+
10.39	-1.673731079	[M-H]-
10.055	0.844644775	[M+Na]+
10	-5.318599243	[M-H]-
10.35	8.728786621	[M-H]-
7.39	1.428284302	[M-H]-
10.24	-6.873110352	[M+H]+
8.75	8.560151367	[M+H]+
10	3.170145264	[M+Na]+
10.336	3.96178833	[M+H]+
8.87	7.462855225	[M-H]-
9.83	3.579690552	[M+H]+
9.62	0.597017822	[M+Na]+
9.914	-0.81522522	[M+H]+
9.92	-0.494909668	[M+H]+
10.31	-1.441743774	[M+H]+
10.49	1.11541626	[M+H]+
8.98	-0.32503418	[M+Na]+
9.74	0.424012451	[M+H]+
10	-7.141564941	[M-H]-
6.74	-0.410750732	[M+H]+
10.1	-1.569125977	[M+H]+
9.95	-2.094705811	[M-H]-
10.12	-0.169034424	[M+Na]+
10.19	3.606333008	[M-H]-
9.586	0.974302979	[M-H]-
9.695	-0.552904053	[M+H]+
10.305	1.588740234	[M+H]+
9.98	3.447341309	[M+H]+
9.76	5.039801025	[M+H]+
8.94	3.600736084	[M-H]-
10.45	-0.15651001	[M-H]-
9.74	21.39390442	[M+Na]+
9.63	2.715692139	[M-H]-
10.164	5.080302734	[M-H]-
10.31	-6.321069946	[M+H]+
10.414	-6.892477417	[M+H]+
9.23	-1.492540283	[M+Na]+
9.945	6.016335449	[M-H]-
9.95	-4.708312378	[M+Na]+
10.336	5.033088379	[M-H]-
9.87	4.315610352	[M+H]+
9.65	3.005736694	[M-H]-
9.55	-1.839326782	[M+H]+
10.01	-10.20756104	[M+Na]+
9.92	-0.296015625	[M+Na]+
5.97	0.692645264	[M+H]+
9.37	-1.306280518	[M-H]-
9.94	-2.158795166	[M+H]+
10	1.052626343	[M+H]+
9.98	-2.425675659	[M-H]-
9.99	-6.269790649	[M+H]+
8.76	12.04250427	[M-H]-
9.94	-3.697427368	[M-H]-
8.81	-0.151581421	[M+Na]+
5.37	0.098353271	[M+H]+
7.63	2.978212891	[M+H]+
10.15	1.480380859	[M+H]+
8.08	-0.243797607	[M-H]-
9.42	-3.579364014	[M-H]-
9.78	10.349776	[M+H]+
9.95	-9.108435059	[M+H]+
9.45	-1.821469727	[M+H]+
9.33	-1.908953857	[M+H]+
8.77	4.444920654	[M+Na]+
10.1	-1.838555908	[M+H]+
10	-0.833276367	[M-H]-
10.27	2.954034424	[M+Na]+
9.95	-34.15157227	[M-H]-
10.15	-0.26130249	[M+Na]+
9.3	-5.021433105	[M+H]+
7	0.441403198	[M+Na]+
10.055	4.841964722	[M+H]+
9.9	-0.945437012	[M+Na]+
9.305	2.543980713	[M-H]-
7.848	-2.670888062	[M+H]+
10.38	-4.512816772	[M+H]+
9.99	-5.538712158	[M+Na]+
9.83	-4.207232666	[M+H]+
9.89	-1.266727295	[M+Na]+
10.27	-3.185968628	[M+H]+
9.52	-5.969117432	[M+Na]+
9.37	4.121557617	[M+H]+
6.676	-3.01489624	[M+Na]+
8.49	-0.140753174	[M+Na]+
10.27	0.322705078	[M+Na]+
10.23	10.68979919	[M+Na]+
9.92	-9.740080566	[M-H]-
10	0.513651733	[M+H]+
10	2.889235229	[M+H]+
9.73	-3.077185059	[M+Na]+
9.76	-1.223286133	[M+H]+
10	-9.954282837	[M+H]+
9.98	5.592125244	[M-H]-
10	-7.224329834	[M-H]-
9.45	-3.41807251	[M+Na]+
8.52	0.30213501	[M+Na]+
10.45	0.472849121	[M+Na]+
10.25	2.417436523	[M+Na]+
10.15	1.996242676	[M+Na]+
10.055	1.058878174	[M+H]+
10.03	-0.5622229	[M+H]+
9.15	2.592133789	[M+Na]+
9.63	1.014666748	[M-H]-
9.45	3.177765503	[M+H]+
9.914	0.848511963	[M-H]-
9.72	-0.346633301	[M+H]+
10.38	7.642997437	[M+H]+
9.72	0.713549805	[M+H]+
10.08	1.16282959	[M-H]-
10.19	1.352764893	[M-H]-
9.8	-2.320943604	[M+H]+
10.49	-20.17487549	[M+Na]+
10.445	-1.266513672	[M+H]+
10.086	1.659832764	[M+H]+
9.94	0.739012451	[M+H]+
9.76	1.849932861	[M+H]+
9.95	1.857538452	[M+H]+
9.98	0.940219727	[M-H]-
9.56	4.038078613	[M+H]+
7.926	-1.32098938	[M+H]+
10.51	-3.196219482	[M+H]+
9.67	-2.090160522	[M+H]+
9.22	-4.861486816	[M-H]-
9.914	1.437028809	[M+H]+
10	1.036063232	[M+H]+
10.24	1.669246826	[M+H]+
8.695	-0.478425903	[M+H]+
9.87	4.808855591	[M+H]+
10.33	-2.339293823	[M-H]-
7.555	-1.282453003	[M+Na]+
9.48	0.700462646	[M-H]-
10.305	0.014940186	[M+H]+
9.87	3.488746338	[M+H]+
9.67	-1.410090332	[M+Na]+
9.72	-1.962223511	[M+H]+
9.836	-0.45890686	[M+H]+
10.48	-0.356069336	[M-H]-
9.05	8.693999023	[M-H]-
10	-0.448063965	[M+H]+
10.055	5.317855835	[M+Na]+
9.61	12.40898682	[M-H]-
9.64	-1.978491211	[M-H]-
9.38	-3.285322266	[M+Na]+
8.39	-2.990875244	[M+Na]+
8.95	-0.964738159	[M+H]+
9.89	0.155141602	[M+H]+
7.914	-0.667058105	[M-H]-
9.74	-2.236745605	[M-H]-
9.77	-0.664133301	[M+H]+
9.98	6.194705811	[M+Na]+
10.15	1.403972778	[M+Na]+
10.38	-9.464321899	[M+Na]+
8.95	0.475202637	[M+H]+
9.99	-0.472227783	[M+Na]+
10.19	2.780150146	[M+H]+
10.695	-5.710126953	[M-H]-
9.805	10.32468628	[M-H]-
6.566	-0.187565918	[M-H]-
9.87	11.39599426	[M+H]+
7.043	0.73925415	[M+H]+
10.22	-9.373676758	[M-H]-
9.99	-4.403535767	[M+Na]+
10.19	4.637246704	[M+H]+
8.02	0.871781006	[M+H]+
9.1	-1.987214355	[M+Na]+
8.836	-19.83710083	[M-H]-
8.08	-0.820982666	[M-H]-
9.74	2.848323975	[M-H]-
10.086	-1.537819824	[M+H]+
9.414	-0.409591064	[M+H]+
9.51	-1.706517334	[M-H]-
9.72	-2.795161133	[M+H]+
10.336	1.996200562	[M+H]+
9.836	11.57452026	[M-H]-
9.805	-0.751600342	[M+H]+
9.98	1.889996338	[M+H]+
9.89	-2.261377563	[M+H]+
8.83	-0.120777588	[M+H]+
9.25	-0.645125732	[M+H]+
9.914	17.20609375	[M-H]-
10	3.04958374	[M+H]+
10.05	3.259543457	[M+Na]+
9.97	5.4437854	[M-H]-
10	-3.330516968	[M+Na]+
9.55	14.91856934	[M-H]-
9.64	-1.652436523	[M-H]-
9.92	1.344547119	[M+H]+
9.586	10.84287598	[M-H]-
9.914	-5.136149292	[M+Na]+
9.95	5.392058105	[M+Na]+
9.95	-3.482717285	[M-H]-
9.83	-1.251872559	[M+H]+
7.207	2.970620117	[M+H]+
9.65	4.610875244	[M+H]+
9.695	4.088741455	[M-H]-
9.85	11.35994751	[M+H]+
10.414	2.018939819	[M-H]-
9.664	0.935330811	[M+H]+
9.86	0.673306885	[M+H]+
7.305	-3.165117187	[M-H]-
9.97	9.600446777	[M+H]+
9.88	-0.211225586	[M+Na]+
10.38	-2.930473633	[M+Na]+
10.44	0.28300415	[M+Na]+
10.4	-1.996200562	[M+H]+
10.336	-15.73459473	[M+H]+
10.24	-8.768132324	[M-H]-
10	0.550338745	[M+Na]+
9.98	0.439046021	[M+Na]+
9.98	-4.406191406	[M+H]+
9.95	-13.25217407	[M+Na]+
9.94	-1.696467285	[M+Na]+
9.62	-2.554689941	[M+H]+
7.414	-0.811746826	[M-H]-
9.85	-3.035272827	[M-H]-
8.47	-4.702555542	[M+H]+
9.85	0.873925781	[M-H]-
9.94	-0.647851562	[M+Na]+
10	3.519005127	[M-H]-
10.24	0.935293579	[M-H]-
9.85	1.913284302	[M-H]-
9.805	-1.874551392	[M+H]+
9.77	-1.369219971	[M+H]+
10.17	0.114675293	[M-H]-
10.48	-2.387143555	[M+H]+
9.72	2.352920532	[M+H]+
9.67	-0.811776733	[M+H]+
9.95	17.35110352	[M-H]-
9.36	3.179697266	[M+H]+
9.72	-0.487653198	[M-H]-
9.95	-0.396807861	[M-H]-
9.99	1.905396729	[M-H]-
9.88	2.210076294	[M+Na]+
9.33	4.291397705	[M+H]+
8.06	0.25156189	[M-H]-
9.945	1.984926758	[M+Na]+
5.89	2.980562134	[M-H]-
10.36	-8.063227539	[M+Na]+
10.164	-10.52766663	[M-H]-
9.92	-2.837469482	[M-H]-
9.75	1.030389404	[M+H]+
9.78	-6.666357422	[M+Na]+
9.914	-3.100245972	[M+H]+
10	0.204713135	[M-H]-
7.99	-3.010439453	[M-H]-
9.95	-6.199177856	[M+H]+
9.65	-2.962860107	[M+H]+
9.06	3.148695068	[M-H]-
9.98	0.484372559	[M+H]+
9.414	-1.991490479	[M+Na]+
10.15	5.708085937	[M-H]-
7.87	-1.803034668	[M+H]+
10	-8.001079712	[M+H]+
10.24	1.921887207	[M-H]-
9.4	6.471209717	[M+Na]+
10.164	-2.685938721	[M-H]-
10.03	2.3947229	[M-H]-
10.35	3.42928772	[M+H]+
9.17	-0.237437744	[M+H]+
9.13	-0.138800049	[M+H]+
9.6	-0.575174561	[M+H]+
10.31	-5.66864502	[M+Na]+
10.28	6.567946777	[M+Na]+
9.74	-0.724866943	[M+Na]+
9.695	1.30071167	[M+Na]+
10	8.219016113	[M+Na]+
9.695	-5.719788818	[M+Na]+
10.44	-9.064387207	[M+Na]+
9.85	-1.852514648	[M-H]-
9.83	6.780531006	[M+H]+
9.94	3.193837891	[M+H]+
9.95	-0.413508301	[M+H]+
9.89	-5.108005371	[M+H]+
10.35	1.575751953	[M+Na]+
9.56	1.284208984	[M-H]-
9.914	-8.148010864	[M+Na]+
10.1	-1.35199646	[M+H]+
9.87	-0.438551025	[M+Na]+
10.195	-16.45601868	[M-H]-
10.26	-0.142357788	[M+H]+
10.39	-3.691677856	[M+H]+
9.72	8.008320312	[M+H]+
10.33	-2.968520508	[M+Na]+
9.76	-0.039197388	[M+H]+
9.67	2.225135498	[M+H]+
9.95	1.581698608	[M-H]-
10.336	-1.095352783	[M+H]+
9.805	1.33930542	[M+H]+
9.73	1.833475952	[M+Na]+
10.12	1.566097412	[M+H]+
9.195	0.60407959	[M-H]-
10.08	1.984681396	[M+H]+
9.85	1.471095581	[M+H]+
9.61	-0.036522217	[M+H]+
9.6	-5.356362305	[M+Na]+
9.7	-4.342984009	[M+Na]+
10.13	1.224928589	[M-H]-
9.87	6.851945801	[M-H]-
10.45	-1.849702759	[M+H]+
9.48	-0.419705811	[M-H]-
10.13	3.604726562	[M+H]+
9.7	2.739764404	[M-H]-
9.77	3.389256592	[M-H]-
10.27	-0.711688843	[M+H]+
9.61	0.536760254	[M+Na]+
10.11	-0.880834351	[M+Na]+
5.477	-0.9652771	[M-H]-
9.1	3.839752197	[M+Na]+
10.19	2.392325439	[M+H]+
9.74	-5.815404663	[M+H]+
9.914	-7.96336853	[M+H]+
8.89	-2.538244629	[M+Na]+
9.45	0.305692749	[M+Na]+
9.83	5.181447144	[M+Na]+
9.83	-0.864038696	[M+H]+
6.566	-2.064001465	[M+H]+
9.25	-1.366219482	[M+H]+
9.78	0.765808105	[M-H]-
6.5	-0.726610718	[M-H]-
9.28	5.749245605	[M+H]+
7.402	2.197390137	[M+Na]+
7.945	0.22833252	[M-H]-
9.95	-2.952520142	[M-H]-
10.48	-3.625092773	[M-H]-
10.49	1.021586914	[M-H]-
9.88	2.278241577	[M+H]+
9.69	0.342555542	[M+H]+
9.56	2.459559326	[M-H]-
10.05	-2.561606445	[M+H]+
10.24	0.223845215	[M-H]-
10.414	-5.185701294	[M-H]-
9.414	1.023702393	[M+H]+
9.98	-8.209615479	[M-H]-
9.664	3.869197998	[M+Na]+
5.934	2.020336914	[M+H]+
9.7	-0.062314453	[M+Na]+
10.11	-4.008874512	[M-H]-
10.38	-2.958960571	[M+H]+
10.28	3.428897705	[M+Na]+
10.24	-2.062062988	[M-H]-
9.94	-3.486729736	[M+Na]+
7.652	1.587202148	[M+H]+
10.42	2.365998535	[M+H]+
10.22	-1.751303101	[M+H]+
8.92	1.352855835	[M-H]-
9.95	-3.255200195	[M+Na]+
9.51	-0.133349609	[M-H]-
10.48	2.940506592	[M+H]+
9.83	1.222189941	[M+H]+
9.48	6.504537354	[M-H]-
10.445	-1.743483887	[M+H]+
9.24	-1.255588379	[M+H]+
9.914	-0.035275879	[M-H]-
9.72	0.338449707	[M+H]+
9.78	-1.399123535	[M+H]+
9.87	7.066774902	[M+Na]+
9.99	-4.462872314	[M+H]+
10.02	-2.037782593	[M-H]-
9.586	-1.806227417	[M+H]+
9.85	-3.295178223	[M+H]+
10.38	1.368032227	[M+Na]+
10	-14.16289124	[M+Na]+
10	0.936641235	[M-H]-
10	-4.214071655	[M-H]-
10.45	3.142940674	[M+Na]+
9.72	-3.84392334	[M+H]+
9.65	8.644937744	[M-H]-
10.33	3.593156738	[M+H]+
9.89	-2.532567749	[M+Na]+
9.63	-3.919570313	[M-H]-
9.28	-12.28033203	[M+Na]+
9.9	5.364226074	[M+Na]+
9.695	0.69322998	[M+H]+
10.49	-1.507044678	[M+H]+
9.914	0.754735718	[M+Na]+
9.55	-1.32977356	[M+H]+
10.33	0.676500244	[M+H]+
9.48	-3.856630859	[M-H]-
10.17	-1.400290527	[M+H]+
7.824	1.860454102	[M+Na]+
10	-3.926587524	[M+Na]+
10.26	1.709786377	[M+H]+
9.97	-0.512302246	[M+H]+
9.914	-1.710189819	[M+H]+
9.55	12.74014038	[M-H]-
9.92	0.749202881	[M-H]-
9.586	5.561481934	[M-H]-
9.3	-1.130324707	[M+Na]+
9.85	0.357936401	[M+H]+
9.836	-2.703303833	[M-H]-
9.33	-0.977767334	[M+Na]+
9.83	-4.090957642	[M+H]+
8.414	-3.183760986	[M+H]+
10	7.694567871	[M-H]-
9.945	9.340549316	[M+H]+
9.02	-3.376206665	[M+H]+
9.9	-6.825947876	[M+H]+
9.52	0.067927246	[M+H]+
10.4	-14.33346313	[M-H]-
6.695	-1.65602417	[M+H]+
8.78	-2.212912598	[M-H]-
9.414	-1.607145386	[M+Na]+
9.37	-2.19225708	[M+H]+
10.06	2.197590332	[M+H]+
9.65	-1.701972656	[M+H]+
10	-1.740831299	[M+Na]+
9.27	-1.303726807	[M+Na]+
9.45	-1.801802979	[M+H]+
10.24	-2.079416504	[M+Na]+
7.47	-1.498856201	[M-H]-
10.19	0.364451904	[M+H]+
9.94	7.714630127	[M+H]+
7.61	-1.803988037	[M+H]+
10	-2.267270508	[M+H]+
10.13	0.42982605	[M+H]+
10.05	0.982428589	[M+H]+
9.15	-0.730001221	[M+H]+
10	-1.406539917	[M+H]+
9.945	-2.83567749	[M+H]+
9.76	2.834057007	[M+Na]+
9.88	1.095955811	[M+H]+
9.15	-4.133682251	[M+H]+
10.36	8.563305054	[M+H]+
9.45	-4.479604492	[M-H]-
10.05	-1.966741333	[M+H]+
8.28	-4.758616943	[M+H]+
9.914	17.5348999	[M-H]-
8.414	-2.066009521	[M-H]-
10	3.527803345	[M+Na]+
9.95	-1.813389282	[M-H]-
10.336	-1.613513794	[M+H]+
9.63	-6.880575562	[M-H]-
8.44	-7.656749878	[M-H]-
9.75	-2.019116821	[M+H]+
9.25	-1.120547485	[M-H]-
9.52	-0.345942383	[M-H]-
9.85	2.891055908	[M+Na]+
10	9.781462402	[M+H]+
10.47	-1.232695923	[M+H]+
10	-0.488417969	[M+Na]+
10.15	1.640705566	[M+Na]+
10.42	3.211763306	[M-H]-
9.56	1.488452148	[M+H]+
9.9	-2.271885376	[M+Na]+
10.01	1.088822021	[M+H]+
9.61	-0.309845581	[M+Na]+
9.11	6.21632019	[M+Na]+
9.17	-0.026025391	[M+Na]+
10.164	-0.913748169	[M+H]+
8.195	-0.507712402	[M+Na]+
8.87	-0.275181885	[M-H]-
10.12	22.49075684	[M+Na]+
9.89	8.321606445	[M+H]+
9	-1.39260437	[M+H]+
9.445	0.289318848	[M+H]+
9.67	-7.900112305	[M+Na]+
10.36	8.285167236	[M+Na]+
9.76	-3.966758423	[M+H]+
10.17	-0.978007813	[M+H]+
9.83	-0.92855957	[M-H]-
10.33	-5.78944397	[M+Na]+
9.94	5.844048462	[M+Na]+
9.26	-6.606341553	[M+H]+
7.598	-0.582237549	[M+H]+
10.44	-2.432667236	[M-H]-
9.98	-2.133452148	[M+H]+
9.85	-3.982424316	[M+H]+
9.3	1.521563721	[M+Na]+
9.97	4.665218506	[M+Na]+
8.195	-11.78915771	[M+Na]+
10.37	0.517366333	[M+Na]+
9.95	-2.434941406	[M+Na]+
10	-5.914997559	[M+Na]+
8.445	-0.369250488	[M+H]+
10	4.572293701	[M+H]+
9.52	2.462773438	[M-H]-
6.934	-1.288131104	[M+H]+
10.39	1.909559937	[M+Na]+
9.9	0.605921631	[M+H]+
9.11	-1.692834473	[M+H]+
9.98	2.658946533	[M+Na]+
9.02	1.215826416	[M-H]-
7.066	0.383886108	[M+H]+
10.31	-5.46411438	[M+Na]+
9.65	-2.078393555	[M+Na]+
9.76	-2.786787109	[M-H]-
10	1.775344238	[M+H]+
7.86	-1.199275513	[M-H]-
9.95	-3.472679443	[M+H]+
8.85	-4.218144531	[M+Na]+
8.55	-1.78164978	[M+Na]+
9.73	-0.240552368	[M+H]+
10.33	0.257481689	[M+Na]+
9.39	8.39770813	[M-H]-
8.92	2.119679565	[M-H]-
9.17	-3.361975708	[M+H]+
10.1	0.469017334	[M+Na]+
10.08	1.760876465	[M+H]+
8.81	0.286022949	[M+Na]+
9.1	-3.616669922	[M+H]+
9.65	-1.06814209	[M+Na]+
8.89	2.790334473	[M+Na]+
9.87	0.479884033	[M+H]+
8.9	0.765084229	[M+H]+
10.23	3.908604736	[M+Na]+
9.73	-9.520570068	[M+H]+
9.87	-0.135174561	[M-H]-
9.83	-3.19265564	[M+H]+
10.24	-5.032142334	[M-H]-
10.42	-1.762593994	[M+H]+
8.26	5.94069519	[M-H]-
9.75	3.482384033	[M-H]-
9.08	-0.763283691	[M+H]+
9.88	-0.685032349	[M+H]+
9.48	5.216068115	[M+Na]+
9.37	-0.99868042	[M+Na]+
9.914	1.145970459	[M+H]+
9.97	4.346676025	[M-H]-
9.67	-0.37071106	[M+H]+
10	-2.166383057	[M+Na]+
9.98	14.81686462	[M-H]-
10	1.992855225	[M+Na]+
10.49	-1.499398804	[M+H]+
10.28	2.166369629	[M+Na]+
9.78	-1.987371216	[M+H]+
10.055	3.850876465	[M+H]+
9.83	-2.651936035	[M+Na]+
9.92	2.988497925	[M+Na]+
9.95	-1.890528564	[M+H]+
8.56	-7.915380859	[M-H]-
10	2.291488037	[M+H]+
9.664	-1.383101807	[M+Na]+
8.72	0.41402771	[M-H]-
9.164	-1.930759277	[M-H]-
9.39	2.717869263	[M-H]-
10.305	4.300289917	[M-H]-
9.27	1.973548584	[M+Na]+
10	-0.659343262	[M+Na]+
9.35	1.63862915	[M+Na]+
10.13	9.491077881	[M-H]-
7.26	1.877625122	[M+Na]+
9.87	-0.378526001	[M+H]+
9.83	3.752642212	[M-H]-
8.5	0.353586426	[M+H]+
9.7	4.199881592	[M+H]+
10.44	3.398892822	[M+Na]+
9.47	1.212341309	[M+Na]+
10.2	1.22105835	[M+H]+
10.28	-0.851847534	[M-H]-
9.39	1.936546631	[M+Na]+
10	-12.72059692	[M+Na]+
10	-0.700921631	[M-H]-
9.8	1.682444458	[M-H]-
9.22	-2.871445312	[M+H]+
10.305	2.339814453	[M+Na]+
9.89	-13.46532166	[M+Na]+
10.414	5.008143311	[M+Na]+
10.22	1.81052124	[M+H]+
9.95	-3.238518066	[M+H]+
9.52	8.762037964	[M+H]+
9.69	-3.93899292	[M+H]+
9.94	-1.856740723	[M-H]-
10.25	-4.11019043	[M+H]+
9.64	3.661204224	[M+H]+
10.3	0.468405762	[M+H]+
9.56	2.152440186	[M+H]+
10	2.241502686	[M-H]-
7.586	1.396337891	[M+Na]+
10	7.774107666	[M+H]+
8.23	2.806531982	[M+H]+
7.914	-2.084688721	[M+H]+
10.3	-16.49109436	[M-H]-
10.086	0.766287842	[M+Na]+
9.94	-2.353664551	[M+Na]+
10.27	-0.403721313	[M+H]+
10.45	-3.737703247	[M+Na]+
9.414	2.95289917	[M+H]+
9.98	4.643529663	[M-H]-
9.39	-0.955336304	[M+H]+
9.67	-7.140576172	[M-H]-
9.31	-1.197817383	[M+H]+
9.85	-1.628493652	[M+H]+
9.85	6.961490479	[M-H]-
8.305	2.231501465	[M+H]+
10.38	-4.285973511	[M+Na]+
10	-1.652138062	[M+H]+
9.94	4.644481201	[M+H]+
8.28	-7.598793945	[M+Na]+
9.55	5.053776855	[M+Na]+
10.414	2.095266113	[M+H]+
7.28	0.224316406	[M+Na]+
9.92	-0.636939697	[M+H]+
10.44	8.07633728	[M-H]-
10.195	-1.235706787	[M+H]+
9.61	3.829007568	[M+Na]+
7.836	1.063251953	[M-H]-
9.56	3.302025146	[M+Na]+
9.78	3.192813721	[M-H]-
9.98	-4.594224854	[M-H]-
10.4	-4.50789917	[M+Na]+
10	7.426796875	[M+H]+
10.305	-5.481899414	[M+H]+
10.02	-0.522825317	[M+Na]+
10	0.426079102	[M+H]+
9.22	-6.355648193	[M-H]-
10.445	3.203008423	[M+H]+
10.36	-1.17581604	[M+Na]+
8.48	4.173530273	[M-H]-
6.74	-1.646759644	[M+Na]+
10.17	-4.847092285	[M-H]-
9.37	7.166679687	[M-H]-
9.11	3.417119141	[M+Na]+
9.76	27.98033081	[M+Na]+
9.55	-5.170942993	[M+Na]+
6.566	-1.414584961	[M-H]-
9.08	0.300266113	[M+H]+
9.67	-3.556188965	[M+Na]+
5.477	1.252235107	[M+Na]+
10.586	-7.043568726	[M+H]+
10.08	0.654650879	[M+H]+
9.85	-2.893348389	[M+H]+
9.95	-5.727956543	[M+Na]+
9.9	0.211226807	[M+Na]+
10.086	-0.518203125	[M+H]+
9.555	0.384257202	[M-H]-
9.95	-0.322681885	[M+Na]+
9.89	-3.672494507	[M-H]-
9.65	-2.489348145	[M+Na]+
9.98	0.084238281	[M+H]+
9.83	-3.359142456	[M+H]+
9.55	-2.386088257	[M+H]+
10.01	-0.220587158	[M+H]+
9.95	-5.67362793	[M+H]+
9.97	-1.476690674	[M+H]+
9.83	2.490712891	[M+Na]+
9.914	-1.802287598	[M+H]+
9.945	1.192003174	[M+H]+
5.086	-0.779699707	[M-H]-
9.37	-3.836998901	[M+Na]+
9.94	7.273492432	[M+H]+
7.78	-0.770196533	[M+H]+
9.11	2.023886719	[M-H]-
9.44	1.41861145	[M+H]+
10.22	12.50272583	[M+H]+
9.95	-23.71426392	[M-H]-
10.44	-0.709112549	[M+H]+
10.01	-1.32083313	[M+H]+
10.37	-0.599691772	[M-H]-
9.15	5.413898926	[M+Na]+
9.836	-1.221761475	[M-H]-
9.95	0.101176147	[M+H]+
9.73	5.950986938	[M+Na]+
9.95	0.629862671	[M-H]-
6	-0.569841309	[M+H]+
9.086	1.005292969	[M+H]+
10.37	3.709123535	[M+Na]+
9.99	-5.230171509	[M+Na]+
10.31	-3.571625977	[M+H]+
9.95	1.723271484	[M+H]+
9.85	-4.465053711	[M+H]+
10.03	-2.173114624	[M+H]+
9.56	6.081903076	[M-H]-
10.1	-8.148961182	[M+Na]+
9.89	-0.128059692	[M+H]+
9.89	-0.149312134	[M+H]+
9.99	1.668898926	[M+H]+
9.89	-17.02594177	[M+Na]+
10	2.844689331	[M+Na]+
9.9	1.031851807	[M+Na]+
9.914	-5.060015869	[M+H]+
10.13	-0.668295898	[M+Na]+
9.94	-1.130952148	[M+Na]+
9.22	3.305733643	[M+H]+
9.805	-6.068095093	[M+Na]+
9.914	-1.427884521	[M-H]-
9.99	-8.921759644	[M+Na]+
10.17	-0.000889893	[M+H]+
9.48	1.229370728	[M+H]+
9.89	-10.01016296	[M+H]+
9.95	-2.671459961	[M+H]+
10.15	1.889511719	[M-H]-
9.914	-2.844211426	[M+Na]+
9.67	2.549080811	[M-H]-
10.1	1.73565918	[M+Na]+
10.14	-0.124433594	[M+Na]+
9.914	-1.769934082	[M+H]+
9.95	3.099874268	[M+H]+
10.03	8.915285034	[M+H]+
10.15	8.529868164	[M-H]-
9.75	3.504135132	[M+H]+
9.94	6.288116455	[M-H]-
9.94	-0.739840088	[M+Na]+
10.1	5.913658447	[M-H]-
6.61	-0.387116699	[M-H]-
8.4	-0.290599976	[M+Na]+
10.02	0.436466675	[M-H]-
9.56	-2.993223877	[M-H]-
7.926	3.752651367	[M+Na]+
9.73	1.450372314	[M+H]+
10.15	-4.531687012	[M-H]-
9.99	3.932700806	[M+Na]+
9.85	2.893656006	[M+Na]+
10.47	3.617061768	[M-H]-
8.44	0.050732422	[M-H]-
9.914	4.818221436	[M+H]+
10.31	-1.06539917	[M+H]+
7.72	-0.506559448	[M-H]-
9.89	7.902072754	[M+Na]+
9.99	2.376392822	[M-H]-
10	-1.296524658	[M+H]+
9.805	0.762701416	[M+H]+
9.83	-8.56553894	[M-H]-
10.36	0.280792847	[M-H]-
9.95	-2.688685913	[M+Na]+
7.176	-0.407312012	[M+H]+
6.61	-0.377216797	[M+Na]+
9.5	-1.471315918	[M-H]-
10.01	7.074421387	[M-H]-
9.78	0.548345947	[M+H]+
9.13	1.786461792	[M+H]+
9.195	-2.630531006	[M+H]+
9.52	10.56083618	[M-H]-
9.87	-4.649910889	[M+H]+
10.36	-3.309665527	[M+H]+
9.695	9.723549805	[M+Na]+
10.08	-0.437059937	[M+Na]+
10	-5.819234009	[M+Na]+
9.72	2.945294189	[M+H]+
9.48	3.15916626	[M+H]+
9.56	2.064141846	[M-H]-
10	-0.792111816	[M+Na]+
10.36	0.364324951	[M+H]+
9.98	5.554321289	[M-H]-
10	-4.928897705	[M-H]-
10.6	-3.101461182	[M+H]+
9.76	-4.273789062	[M+H]+
8.914	1.390324097	[M+H]+
9.72	4.41291748	[M+H]+
9.63	0.270701294	[M-H]-
10.52	-0.215759277	[M+H]+
10.49	-0.410703735	[M+H]+
9.02	-7.529824219	[M-H]-
9.9	-0.307629395	[M+H]+
10.2	-1.057886963	[M+H]+
7.555	-1.421680908	[M+H]+
10.47	-0.107165527	[M+H]+
9.94	0.524985352	[M-H]-
10.25	3.085302734	[M-H]-
9.19	-10.1735083	[M-H]-
8.05	-0.074678955	[M+Na]+
10.24	2.671730347	[M+H]+
5.043	-0.323752441	[M-H]-
10.13	-2.210437012	[M+Na]+
9.9	0.077793579	[M-H]-
8.28	-1.303422852	[M-H]-
9.805	2.841409302	[M+H]+
10.38	-2.947381592	[M+H]+
9.22	-2.427859497	[M+H]+
10	4.011512451	[M+Na]+
9.27	0.173829956	[M+Na]+
9.94	1.120351562	[M-H]-
9.63	3.047753906	[M+Na]+
10.02	2.126088867	[M-H]-
7.977	0.469937134	[M+H]+
10.3	1.782805176	[M+H]+
6.676	-0.432936401	[M+Na]+
9.664	-10.10179443	[M-H]-
10.49	-0.387650146	[M+H]+
10.11	2.113857422	[M+H]+
9.89	1.996311035	[M+H]+
9.78	2.139749756	[M+H]+
7.977	-0.022758789	[M+H]+
9.72	5.019390869	[M+Na]+
9.94	3.391121216	[M+Na]+
8.805	1.740297852	[M+H]+
9.02	0.56682373	[M+Na]+
9.75	-1.762296753	[M+H]+
9.24	4.411444702	[M+H]+
9.95	-0.389873047	[M+H]+
10.5	-0.451359253	[M+H]+
10.24	-5.251074829	[M-H]-
9.49	-5.288268433	[M-H]-
10	2.969202881	[M-H]-
7.824	-5.063283691	[M+H]+
9.73	0.593122559	[M+H]+
8.11	-1.457094727	[M-H]-
9.15	3.914401855	[M+Na]+
10.195	-4.897653809	[M-H]-
8.086	-0.832515869	[M+Na]+
9.9	1.418425293	[M+Na]+
9.13	-5.874567261	[M-H]-
10.2	0.135621948	[M+Na]+
10.3	3.386376953	[M-H]-
9.88	-29.24289307	[M-H]-
10.35	0.937912598	[M+H]+
8.55	2.113079224	[M-H]-
9.5	1.308905029	[M-H]-
7.63	1.033786011	[M-H]-
10	4.921184082	[M-H]-
6.61	-0.441617432	[M+H]+
10.03	-3.562113037	[M+H]+
10.445	3.730361328	[M+Na]+
10.13	0.505447998	[M+H]+
9.805	5.110180664	[M-H]-
9.85	1.125325317	[M+Na]+
9.414	-0.74449707	[M+H]+
8.5	-4.058693848	[M+Na]+
9.94	-2.668927002	[M+H]+
9.28	-1.934332886	[M+H]+
9.83	-1.965178223	[M-H]-
8.45	1.213422852	[M+Na]+
9.94	-8.320911865	[M-H]-
10.48	1.582911377	[M-H]-
10.2	-2.072992554	[M+H]+
8.33	0.897103271	[M+Na]+
8.94	-3.213227539	[M+Na]+
9.805	1.837866821	[M-H]-
8.83	-1.382801514	[M-H]-
8.33	-1.464752197	[M-H]-
9.914	2.768345947	[M-H]-
9.98	-0.787799072	[M+H]+
9.836	1.404192505	[M-H]-
9.805	0.934116211	[M+H]+
9.72	0.86062561	[M+H]+
9.76	-0.827349854	[M+H]+
9.695	-6.910982666	[M-H]-
9.85	-8.558843994	[M+H]+
10.23	-12.2608551	[M+H]+
9.65	4.634291992	[M-H]-
10.445	-3.253742676	[M-H]-
8.12	-0.138547363	[M-H]-
9.83	-12.81211365	[M-H]-
7.926	-2.544708252	[M+H]+
9.94	-6.017880859	[M+H]+
8.08	0.116953735	[M+Na]+
8.02	6.281890869	[M-H]-
7.805	-1.632006836	[M+H]+
8.02	0.531680298	[M+H]+
9.914	2.160838623	[M-H]-
9.44	0.254754639	[M+Na]+
9.37	1.373903198	[M+H]+
10.08	0.038271484	[M+H]+
9.89	0.794932861	[M+H]+
9.56	-2.189344482	[M-H]-
9.56	-2.370371094	[M+H]+
9.61	-1.10524231	[M+H]+
9.83	-2.163641357	[M+Na]+
10	4.130754395	[M-H]-
9.17	-3.211781006	[M+H]+
9.11	0.640214844	[M+H]+
9.67	-3.894459229	[M-H]-
9.48	4.425692139	[M+Na]+
10.48	5.078707886	[M+Na]+
9.914	-0.283054199	[M-H]-
10	6.409326172	[M+Na]+
8.414	-3.474787598	[M+Na]+
10.195	-0.124869385	[M+H]+
7.824	1.619564209	[M-H]-
10.055	-1.355064697	[M+H]+
10.28	-3.898686523	[M+H]+
9.67	-1.858613281	[M+Na]+
9.87	-4.779194336	[M-H]-
9.695	-0.661210937	[M+Na]+
10.38	-3.700176392	[M-H]-
10.48	1.821812744	[M+H]+
9.94	-6.808885498	[M-H]-
9.77	2.020236816	[M+Na]+
9.33	1.482501221	[M-H]-
9.88	0.990860596	[M-H]-
9.98	-0.244625244	[M+Na]+
7.78	-1.091175537	[M-H]-
7.13	-6.318514404	[M+Na]+
9.85	0.870430908	[M+H]+
8.914	-6.806585693	[M-H]-
9.44	2.908738403	[M+Na]+
10.36	-6.3881427	[M+H]+
9.87	2.59954895	[M+H]+
10.5	7.183178711	[M+Na]+
7.5	0.068692627	[M+H]+
9.914	-5.400126953	[M+H]+
8.26	1.420717163	[M-H]-
9.49	1.314481201	[M+H]+
10.195	-10.66942505	[M+H]+
9.805	-0.519579468	[M+H]+
9.87	10.02878052	[M+Na]+
9.87	4.286624756	[M+H]+
10.055	-0.473309326	[M-H]-
9.45	-3.812845459	[M+Na]+
8.945	-4.087820435	[M+H]+
10	-0.262822266	[M-H]-
9.836	4.329124146	[M+H]+
9.52	4.204373169	[M-H]-
9.99	5.536696777	[M+H]+
9.914	-6.550673828	[M+Na]+
9.695	-4.21104248	[M+Na]+
10	2.462790527	[M+H]+
9.914	-1.852525635	[M+H]+
9.95	4.320143433	[M+Na]+
9.87	0.518118286	[M-H]-
9.3	-1.576986084	[M+H]+
9.805	1.36024353	[M+H]+
10.28	-1.404091797	[M+H]+
8.86	0.995285034	[M+H]+
6.25	-18.88107178	[M+H]+
9.74	1.153012695	[M+Na]+
7.13	0.886264648	[M+Na]+
10	-5.325240479	[M+Na]+
9.99	3.561599121	[M-H]-
10.37	0.766334229	[M+Na]+
9.95	-9.382355347	[M+H]+
9.695	4.443676758	[M+Na]+
9.95	9.281513672	[M+Na]+
10.25	6.396541748	[M+H]+
10.164	1.993427734	[M+H]+
10.195	-7.270493164	[M+H]+
10.35	2.610910034	[M+H]+
10.05	-6.409769897	[M+Na]+
10.28	-1.750209351	[M+H]+
9.98	4.385587158	[M+H]+
9.65	9.699001465	[M+H]+
9.65	-5.919856567	[M+H]+
9.48	3.204325562	[M+H]+
9.95	-6.146931152	[M-H]-
9.75	-2.175950928	[M+Na]+
9.74	-0.447886963	[M+H]+
9.586	1.522880859	[M-H]-
9.44	-2.116947021	[M-H]-
10.49	-0.130147705	[M+Na]+
9.87	-2.986408081	[M+H]+
7.816	-1.72152771	[M+H]+
10	-7.255090332	[M+H]+
9.65	4.063734741	[M-H]-
10	0.847474365	[M-H]-
9.87	-5.10524353	[M+Na]+
10.3	1.560360107	[M-H]-
9.95	0.726766357	[M+Na]+
10.42	13.69767456	[M-H]-
10	-2.097520752	[M+H]+
9.11	0.535142822	[M-H]-
9.42	0.694331665	[M-H]-
9.695	5.100164185	[M+H]+
10.23	6.583102417	[M+H]+
10.47	4.557234497	[M+Na]+
10.3	2.011051636	[M+H]+
8.47	-2.663024902	[M+H]+
10.28	0.531955566	[M+Na]+
9.914	-1.064007568	[M+H]+
9.83	0.905227661	[M+H]+
9.74	0.913231201	[M+Na]+
9.75	-2.877823486	[M+H]+
9.99	5.992512207	[M-H]-
9.8	-1.742266846	[M+Na]+
10	-2.801088257	[M+H]+
10.36	2.455821533	[M-H]-
9.87	3.879729004	[M-H]-
6.695	1.525901489	[M-H]-
9.83	-5.707525635	[M-H]-
9.445	5.93803894	[M+H]+
7.11	0.525214844	[M+H]+
8.33	3.0212146	[M+Na]+
10.24	-1.107293701	[M+H]+
9.45	6.941676636	[M+H]+
9.44	0.892940063	[M+Na]+
10.06	-2.640070801	[M-H]-
10.27	-0.610241699	[M+Na]+
10.31	6.575269165	[M-H]-
9.01	8.042390137	[M+Na]+
9.586	-0.052666626	[M+H]+
10.39	2.864032593	[M+Na]+
10.49	-6.565202026	[M+Na]+
9.98	1.235914307	[M+H]+
8.15	-3.072074585	[M-H]-
9.98	-0.494510498	[M+H]+
10	-4.762014771	[M-H]-
9.92	-2.290761719	[M+H]+
9.336	-3.461368408	[M+H]+
8.74	0.696450195	[M+Na]+
9.95	-0.861591797	[M+Na]+
9.76	-3.793687744	[M+Na]+
10.03	-1.332827148	[M+H]+
9.83	2.75185791	[M-H]-
9.48	-5.871538086	[M+Na]+
7.555	-0.276494141	[M+H]+
10	2.229263916	[M-H]-
8.45	1.385919189	[M-H]-
10.4	1.451251221	[M+Na]+
9.95	0.109429321	[M-H]-
9.76	-4.023947754	[M+Na]+
9.13	0.120024414	[M+Na]+
10.19	-0.379437256	[M+H]+
7.62	-5.796571045	[M-H]-
9.95	-1.892242432	[M+H]+
9.67	0.181844482	[M+H]+
9.555	2.576879883	[M+H]+
9.72	-0.511713257	[M+H]+
7.53	0.636004639	[M+H]+
10.11	-0.338123779	[M+Na]+
9.97	4.030152588	[M+H]+
9.73	3.011264648	[M-H]-
10.28	-9.290203247	[M-H]-
9.94	-6.627536011	[M+Na]+
9.95	-1.873314209	[M+H]+
10.19	1.843308105	[M-H]-
10.24	1.474697266	[M+H]+
10	-7.043320312	[M-H]-
9.836	4.813780518	[M+Na]+
6.816	-0.612542725	[M+Na]+
10.414	0.741149902	[M+H]+
9.52	0.400877686	[M-H]-
9.305	-4.06725708	[M+H]+
9.06	-2.355292969	[M+Na]+
10	9.258620605	[M+H]+
10.31	-1.414879761	[M+H]+
9.555	0.056094971	[M+H]+
10.414	4.477457886	[M+H]+
9.98	-0.495665894	[M+H]+
9.24	2.184822998	[M+Na]+
10.27	-3.660432129	[M+Na]+
9.95	10.68574707	[M+Na]+
9.75	1.10848938	[M+H]+
7.457	-0.441846924	[M-H]-
9.48	2.456816406	[M-H]-
10.27	-7.133498535	[M-H]-
9.586	-3.818815918	[M-H]-
9.15	1.874418945	[M-H]-
9.95	6.829217529	[M-H]-
9.99	3.110183716	[M+H]+
9.89	0.730070801	[M+H]+
8.164	-0.505246582	[M+Na]+
10	-1.091486816	[M+Na]+
10	-2.959888916	[M+H]+
9.56	-4.376308594	[M-H]-
10.47	1.75989624	[M+H]+
9.98	0.851065674	[M+H]+
9.83	-5.336199951	[M+H]+
9.95	2.429174805	[M+H]+
9.805	-1.108340454	[M+Na]+
9.87	1.514068604	[M+H]+
10.195	-2.49607605	[M+H]+
10.25	-5.016168823	[M+H]+
9.13	7.907189331	[M-H]-
10.305	0.427244263	[M+H]+
9.47	0.898682861	[M+Na]+
10	-1.243000488	[M+H]+
7.324	1.882993164	[M+Na]+
9.87	-1.639128418	[M+Na]+
10.48	3.384486084	[M+H]+
10.19	16.67551147	[M+Na]+
10.3	-2.727807617	[M+H]+
9.94	-0.220410156	[M+H]+
10.2	0.205634766	[M-H]-
9.805	-2.475710449	[M+H]+
10.03	-0.445245361	[M+H]+
9.05	-8.857678223	[M-H]-
7.76	-2.552539062	[M+H]+
9.95	0.755978394	[M-H]-
10.164	0.471402588	[M-H]-
10	1.65095459	[M+Na]+
10.31	3.376262207	[M+H]+
6.11	0.042834473	[M+H]+
10.31	-2.686981201	[M+H]+
9.8	-0.316790771	[M+H]+
9.695	-3.780587158	[M+H]+
10.45	-3.128781738	[M-H]-
10.195	-3.563817139	[M-H]-
9.664	-2.268867188	[M+H]+
9.914	-2.63571228	[M+H]+
10.47	1.172578125	[M+H]+
8.25	-3.6102771	[M+H]+
10	-1.112483521	[M+H]+
10.17	-2.934868164	[M-H]-
10	6.18303833	[M-H]-
9.805	-1.111733398	[M-H]-
9.805	-4.535142212	[M+Na]+
10	3.938303833	[M-H]-
10.3	0.80414978	[M-H]-
9.89	4.957247314	[M+H]+
9.72	-0.493657837	[M-H]-
7.26	-0.298201904	[M-H]-
9.914	0.334971924	[M-H]-
9.94	-5.653468018	[M+Na]+
10	-0.814255981	[M-H]-
9.88	-0.717698975	[M+H]+
9.58	1.130979004	[M+Na]+
9.35	-7.109554443	[M+H]+
9.336	5.321060181	[M+Na]+
9.65	0.143742065	[M-H]-
10.06	-3.072214355	[M-H]-
10.15	-6.919068604	[M+Na]+
10	-10.14918335	[M-H]-
7.043	3.623133545	[M-H]-
7.676	-1.435805664	[M+Na]+
9.61	4.162248535	[M+Na]+
9.56	-0.798258667	[M+Na]+
9.24	1.081749268	[M+H]+
9.61	-0.169117432	[M+H]+
9.85	-1.520458984	[M-H]-
9.85	-0.513226318	[M-H]-
9.85	-1.934104004	[M+Na]+
9.836	-0.789587402	[M-H]-
10	-6.390769043	[M-H]-
10.28	-2.225783081	[M+Na]+
8.44	0.905612793	[M-H]-
10.36	-7.57059082	[M+H]+
10.31	-4.339439087	[M+H]+
6.28	-2.461082153	[M+Na]+
10.15	0.631029053	[M+H]+
10.5	-5.373092041	[M+H]+
9.94	-3.366567383	[M+Na]+
10.1	1.344226685	[M+Na]+
10.48	-8.401176758	[M+H]+
9.49	-0.061990967	[M+H]+
9.695	0.768319092	[M+Na]+
9.98	-2.986048584	[M+Na]+
9.98	-0.357091064	[M-H]-
10.2	-2.546784058	[M+Na]+
10.38	5.016035156	[M+Na]+
9.695	2.590855713	[M-H]-
9.836	-1.300470581	[M-H]-
10	-1.248031616	[M+H]+
9.33	-7.790915527	[M-H]-
9.75	0.928126221	[M-H]-
8.63	1.038841553	[M+H]+
9.305	0.678529663	[M+H]+
9.56	4.336924438	[M-H]-
9.805	2.234198608	[M+H]+
9.945	-1.828060303	[M+Na]+
8.414	3.199949951	[M-H]-
9.76	-6.070733643	[M+H]+
10.4	-5.95602356	[M+Na]+
10.38	5.457409668	[M-H]-
8.64	0.634353027	[M-H]-
7.26	0.045570068	[M+H]+
9.51	1.002664795	[M+H]+
9.87	3.652612305	[M+H]+
9.39	3.099661865	[M+H]+
10.414	-4.376348877	[M+H]+
9.586	4.641848145	[M+Na]+
10	-4.51157959	[M-H]-
6.12	1.067362061	[M-H]-
10.42	3.128031006	[M+Na]+
9.805	-1.527147217	[M+Na]+
10	8.74036499	[M+Na]+
10.2	2.464083252	[M+Na]+
9.76	-1.555848389	[M+Na]+
9.76	-5.54095459	[M+H]+
10.086	-2.149001465	[M+Na]+
10.086	-3.402894287	[M-H]-
9.49	-1.547943115	[M+Na]+
8.45	-2.411322632	[M+Na]+
9.74	1.757127686	[M-H]-
10.45	-9.084432983	[M+H]+
8.336	-0.706898804	[M+H]+
9.695	0.350742188	[M+H]+
9.87	1.031962891	[M+H]+
9.42	-3.512362061	[M+Na]+
9.48	-1.967739868	[M-H]-
9.8	1.573609619	[M-H]-
9.19	1.627085571	[M+H]+
8.72	0.472980957	[M-H]-
10.19	0.40383667	[M+Na]+
9.85	0.162616577	[M+H]+
9.87	2.439666748	[M-H]-
9.95	-0.727648926	[M+H]+
8.11	-3.828099976	[M+Na]+
10	-6.027567749	[M-H]-
10.305	-8.062865601	[M-H]-
10.1	6.492832031	[M+H]+
10.03	-8.317019043	[M+H]+
9.94	-1.175279541	[M-H]-
10.47	-14.11943542	[M-H]-
9.86	-2.269473267	[M+Na]+
9.65	-3.045341187	[M+H]+
6.13	0.795008545	[M+Na]+
9.98	-2.55375061	[M-H]-
9.63	0.688372192	[M+Na]+
9.805	-10.87387634	[M+H]+
10.414	-0.569831543	[M-H]-
10	2.618812256	[M+Na]+
7.78	1.00651001	[M+Na]+
9.6	2.883491821	[M+H]+
10.414	4.939414062	[M+Na]+
10.19	0.474151001	[M+Na]+
9.98	-0.611040039	[M-H]-
10.3	1.371777344	[M+H]+
9.55	4.162537842	[M-H]-
9.83	-1.990439453	[M+H]+
7.523	0.80800415	[M+H]+
10.45	5.419401245	[M+H]+
9.89	-2.654221191	[M-H]-
10	-1.903305664	[M+Na]+
9.78	-0.219771729	[M+H]+
10.44	0.547693481	[M-H]-
10.31	0.277521973	[M+H]+
10.31	-5.612111816	[M+H]+
7.684	-2.843447266	[M-H]-
10.11	-5.284265137	[M-H]-
9.8	-13.66643799	[M+H]+
8.48	1.674693604	[M-H]-
9.28	-12.48596802	[M-H]-
9.98	-0.034927979	[M-H]-
8.63	-0.338831787	[M-H]-
9.9	1.608201294	[M+H]+
10.35	2.576893311	[M+H]+
9.55	2.078192139	[M+Na]+
10.3	-3.046743164	[M+H]+
9.98	4.398919067	[M+H]+
7.12	2.616020508	[M+H]+
7.176	0.893474121	[M+H]+
9.95	-0.340053711	[M+H]+
8.28	-1.566096802	[M+H]+
9.95	8.970428467	[M-H]-
9.9	-2.15159668	[M+H]+
10.15	1.067854004	[M+H]+
9.94	-7.882593384	[M+Na]+
9.97	10.33849365	[M-H]-
10.28	2.77624939	[M+H]+
10.27	-7.128735962	[M+Na]+
7.195	-1.777084961	[M+H]+
9.89	10.09998779	[M+H]+
10.086	3.661876221	[M+H]+
9.72	5.977113037	[M-H]-
10.5	-0.847487793	[M+Na]+
10	-8.828782349	[M+Na]+
10.45	1.55081665	[M+H]+
9.805	-1.488450928	[M+H]+
10.47	1.334135742	[M+H]+
10	-0.05171814	[M-H]-
9.74	21.44393188	[M+Na]+
9.94	0.361696777	[M+Na]+
10.19	-0.398193359	[M+H]+
10.414	-6.528978882	[M-H]-
9.56	1.517790527	[M+H]+
9.97	-3.496324463	[M+H]+
10.23	-5.322220459	[M+H]+
10.45	7.110206909	[M+Na]+
10.15	1.922984009	[M+H]+
10	2.428636475	[M+H]+
9.26	0.539785156	[M+Na]+
9.89	-0.214203491	[M-H]-
10.37	2.365806885	[M+H]+
9.55	1.391264038	[M+Na]+
9.9	3.597702026	[M+H]+
9.945	2.569391479	[M+H]+
8.35	-1.393670654	[M+Na]+
9.86	4.425778809	[M+Na]+
9.55	-4.632315063	[M+Na]+
10	-3.311149902	[M-H]-
9.25	0.31288269	[M+H]+
10.47	2.231622925	[M+H]+
10.414	-16.91371582	[M+H]+
10.19	-0.090424805	[M-H]-
10.22	6.593266602	[M+H]+
10.15	-2.283233032	[M-H]-
10.37	-1.063397217	[M+H]+
9.26	-4.360720215	[M-H]-
8.87	1.957897949	[M-H]-
9.76	-1.452495117	[M-H]-
8.37	2.954782715	[M+Na]+
10.45	0.168223877	[M-H]-
10.11	3.0684375	[M-H]-
9.94	-0.94960022	[M-H]-
10.06	2.022803955	[M+H]+
9.74	-1.41925415	[M+Na]+
9.99	-5.738844604	[M+Na]+
6.5	0.48215332	[M+H]+
9.805	5.956817017	[M+H]+
9.47	4.899103394	[M+Na]+
10.11	0.277363892	[M+H]+
10.38	6.072462158	[M-H]-
9.8	-1.692012329	[M-H]-
10.48	-1.865535889	[M-H]-
9.87	-1.687404785	[M-H]-
10.195	-4.272952271	[M+Na]+
9.74	-5.402592163	[M+Na]+
10	-0.529411621	[M+Na]+
7.957	-2.874653931	[M+H]+
10.22	-10.19648804	[M-H]-
10.4	2.658916626	[M+Na]+
10.195	2.819822388	[M+Na]+
10	-8.016636963	[M+H]+
9.89	-0.34149353	[M+Na]+
9.64	-2.732437744	[M-H]-
9.72	2.066578369	[M+H]+
9.98	2.560145874	[M+H]+
9.83	12.65786804	[M+Na]+
9.8	6.431237793	[M+H]+
10.22	-8.46868042	[M+Na]+
9.95	-3.895673828	[M+Na]+
9.94	1.776713867	[M-H]-
10	1.514136353	[M+H]+
10	1.596242676	[M+Na]+
10.42	-0.38355896	[M-H]-
9.89	1.313382568	[M-H]-
9.47	-3.516427002	[M+Na]+
9.98	3.693532715	[M-H]-
9.47	4.553145752	[M+Na]+
9.35	1.589502563	[M+H]+
9.67	-1.139816895	[M+H]+
6.773	1.828499146	[M+H]+
8.38	1.410386353	[M-H]-
9.85	-11.2210376	[M-H]-
9.45	-1.378032227	[M+H]+
9.44	6.029998779	[M-H]-
10.17	-1.362047119	[M+H]+
7.87	0.079914551	[M-H]-
10.45	0.221494141	[M+Na]+
9.35	15.28014648	[M-H]-
5.28	1.743458252	[M+Na]+
7.445	-1.409261475	[M-H]-
8.8	-0.342028198	[M+H]+
9.94	-1.853464355	[M+H]+
9.86	-12.30013794	[M-H]-
10	5.781364746	[M+Na]+
9	2.362171631	[M-H]-
9.35	0.65369751	[M-H]-
9.85	-0.873277588	[M+H]+
9.94	1.341642456	[M+H]+
9.78	4.52569458	[M+H]+
10	2.667530518	[M+Na]+
9.15	0.212286377	[M-H]-
9.47	0.786593018	[M-H]-
9.06	11.23223755	[M-H]-
9.77	0.803100586	[M-H]-
10.26	0.909481201	[M+Na]+
9.805	-5.832054443	[M+Na]+
9.89	7.442966309	[M+Na]+
10.19	-6.991641846	[M+H]+
9.94	7.827663574	[M-H]-
10.11	-1.904779663	[M+Na]+
9.77	0.346767578	[M+H]+
9.28	-2.603360596	[M-H]-
9.89	2.162470093	[M+H]+
9.37	0.805700684	[M+Na]+
9.87	-0.13126709	[M+Na]+
9.95	-6.383234863	[M+H]+
9.4	-3.240176392	[M+H]+
10	-0.358094482	[M+Na]+
10	7.105809326	[M+H]+
9.94	-2.608004761	[M+H]+
9.86	0.813761597	[M+Na]+
10.22	-1.776835327	[M+H]+
9.74	-2.129656982	[M+H]+
7.28	-1.499962769	[M+H]+
10.5	1.896511841	[M+Na]+
9.95	-6.352844238	[M+Na]+
9.48	-3.011976318	[M+H]+
9.914	-1.351274414	[M+Na]+
10.055	-3.064017944	[M+Na]+
9.49	-2.600032349	[M+Na]+
9.89	-4.715234375	[M-H]-
9.76	5.305139771	[M+Na]+
9.49	-2.109478149	[M-H]-
8.195	-1.165579834	[M-H]-
9.195	-3.887051392	[M+Na]+
7.824	2.570717773	[M-H]-
9.87	4.238734131	[M-H]-
9.89	6.873704834	[M+Na]+
9.65	-2.791427002	[M+H]+
10.42	-9.837258301	[M+H]+
9.83	0.155390625	[M+H]+
10.02	17.31546082	[M+Na]+
5.195	-1.672640381	[M-H]-
10	-7.817368164	[M+Na]+
10	-4.449119873	[M+H]+
9.945	-5.132285156	[M+Na]+
9.45	3.523998413	[M+H]+
10	-7.364086914	[M-H]-
9.15	-1.173190308	[M+H]+
8.945	-5.918178711	[M+H]+
8.76	-16.24802979	[M-H]-
9.53	0.637674561	[M+H]+
8.39	-1.765412598	[M+H]+
9.92	0.41145752	[M+H]+
9.65	-5.481629639	[M+H]+
7.414	2.314260254	[M+H]+
9.44	0.413526611	[M-H]-
9.945	0.519586792	[M+H]+
10	-0.243166504	[M+Na]+
7.914	-0.460786743	[M+Na]+
9.695	-4.795013428	[M+H]+
9.63	-0.463280029	[M+H]+
8.76	0.94298645	[M-H]-
6.805	2.855848389	[M+H]+
8.5	-1.192518921	[M+H]+
9.26	-0.222344971	[M+Na]+
9.95	-4.037602539	[M+H]+
10	1.635310669	[M+H]+
9.45	1.469547119	[M+H]+
10.336	2.769283447	[M+H]+
8.35	-2.284407959	[M+H]+
9.74	2.835131836	[M-H]-
8.35	1.384365234	[M+H]+
10.05	5.035073853	[M-H]-
9.75	-0.170698242	[M-H]-
9.65	3.132023315	[M+H]+
8.586	3.496365967	[M+Na]+
9.52	3.94041626	[M-H]-
9.25	1.427998047	[M+Na]+
9.55	1.838618164	[M+H]+
7.043	1.515507813	[M+H]+
10.45	-1.390687256	[M+H]+
10.195	-0.340067139	[M-H]-
9.67	2.167556763	[M+H]+
9.98	5.196333008	[M+H]+
9.97	6.868935547	[M+H]+
9.914	-16.49148499	[M+H]+
10.2	-6.957835693	[M-H]-
10.03	-3.433274536	[M+H]+
9.55	2.23151123	[M+H]+
8.44	-4.755325928	[M+H]+
9.33	1.459604492	[M-H]-
9.97	-0.701904297	[M+H]+
10	-0.425240479	[M-H]-
9.22	-1.490480957	[M-H]-
9.98	-0.340213623	[M+H]+
10.445	0.029519043	[M+H]+
7.24	1.738193359	[M+H]+
9.01	-1.667664185	[M-H]-
10.39	1.205252686	[M+Na]+
9.81	-1.5309729	[M+H]+
10.336	-2.322618408	[M-H]-
9.51	-0.34449707	[M+H]+
7.72	-1.593513184	[M+H]+
10.44	0.391468506	[M+Na]+
9.74	-1.175865479	[M+H]+
9.445	4.77880127	[M+Na]+
9.81	-1.456287842	[M+H]+
9.99	-3.637636719	[M+H]+
9.75	15.00381653	[M-H]-
9.83	-7.688527832	[M+Na]+
6.434	-2.182827148	[M+H]+
10	-4.2578479	[M+Na]+
8.89	6.589844971	[M+H]+
5.477	-3.151517334	[M+H]+
10.26	1.416409912	[M-H]-
10.2	2.641164551	[M+H]+
5.695	0.079050903	[M-H]-
9.86	-2.046019287	[M+Na]+
9.695	-17.57045898	[M-H]-
8.98	-0.000866699	[M+H]+
7.195	-3.521784058	[M+H]+
9.8	-3.013920898	[M+H]+
10.1	4.611334229	[M+H]+
9.63	-4.037507324	[M+Na]+
9.3	-4.440887451	[M+Na]+
8.47	-2.068754272	[M+H]+
8.13	1.654797363	[M-H]-
10.5	-7.259728394	[M-H]-
9.85	0.822615967	[M+H]+
8.05	-1.098358154	[M-H]-
9.89	-8.729406738	[M-H]-
10.086	2.666777344	[M+H]+
8.65	1.495157471	[M+H]+
10.3	-2.573939819	[M+H]+
9.98	-2.334973145	[M+Na]+
10.61	8.464649658	[M+Na]+
10.31	-0.377351685	[M-H]-
9.63	2.992930298	[M-H]-
10.03	6.734610596	[M+H]+
10.39	-2.381491699	[M+H]+
10.28	-4.474989014	[M+H]+
9.95	2.17706665	[M+H]+
9.63	1.620656738	[M-H]-
9.97	3.710947266	[M+H]+
9.97	-4.813173828	[M-H]-
10	1.509829712	[M+H]+
9.914	0.451711426	[M+H]+
10.445	-3.184501343	[M+H]+
9.74	-0.176916504	[M+Na]+
7.707	-0.764855347	[M+Na]+
9.49	-1.503950195	[M+H]+
10	0.153154907	[M+H]+
9.74	-1.197606812	[M+H]+
4.324	-1.881618652	[M-H]-
10.414	2.927767334	[M+H]+
9.87	-12.08788696	[M-H]-
10.45	-5.529904785	[M+H]+
9.76	-0.434429932	[M+H]+
9.78	7.175145264	[M+H]+
10.195	-1.392539673	[M+H]+
9.89	-3.980958252	[M+H]+
8.945	-0.989279785	[M-H]-
10.195	-1.672001343	[M-H]-
8.336	-1.217851562	[M-H]-
10.35	-5.619816895	[M+Na]+
8.89	3.256674805	[M+H]+
9.95	-0.875717773	[M+H]+
10.03	-12.54140015	[M+Na]+
8.63	2.768203125	[M+H]+
9.88	-0.857279663	[M-H]-
10.44	-3.790782471	[M-H]-
9.85	-3.680701904	[M+H]+
6.934	-0.552592773	[M+Na]+
10.15	8.33817688	[M-H]-
9.98	1.854453735	[M+H]+
9.89	3.175357056	[M+H]+
9.805	0.327930298	[M+H]+
9.72	-0.769190674	[M+Na]+
10.4	-4.737027588	[M+H]+
9.44	-4.738630981	[M-H]-
9.49	-1.725162354	[M+H]+
9.81	-2.384237061	[M+Na]+
7.914	1.705791016	[M-H]-
9.72	-3.656499023	[M-H]-
7.13	1.75493042	[M-H]-
9.15	7.974456787	[M+Na]+
10.4	-7.068848877	[M+H]+
7.457	0.242813721	[M+H]+
8.11	-1.13303894	[M+H]+
10.28	7.626803589	[M-H]-
9.98	-12.80343567	[M-H]-
9.26	-0.659937134	[M+H]+
10	1.383652344	[M+H]+
10.01	-5.979013672	[M-H]-
10.02	-1.203897705	[M+H]+
10.26	-1.35852478	[M-H]-
9.94	-5.210653076	[M-H]-
9.73	-9.599213867	[M+Na]+
8.47	1.444886475	[M+H]+
10.39	1.977230835	[M+H]+
9.55	3.630693359	[M+Na]+
9.664	-0.480316772	[M+H]+
10	7.588863525	[M+Na]+
7.586	-2.191168213	[M+H]+
10.38	-3.623986816	[M+Na]+
9.55	-0.919381104	[M+H]+
9.98	7.137290649	[M+Na]+
9.89	3.063184814	[M+H]+
9.67	-2.835983276	[M+H]+
9.695	-0.596235352	[M+Na]+
9.65	4.145092773	[M-H]-
10.35	-0.731169434	[M+H]+
9.24	2.101335449	[M-H]-
9.56	1.603171997	[M+H]+
8.53	-0.217584229	[M+Na]+
9.77	2.66258728	[M-H]-
7.86	-1.551431885	[M-H]-
9.8	1.309174194	[M-H]-
10.37	-6.628817139	[M+Na]+
9.97	5.556264648	[M+H]+
9.85	-5.219190674	[M-H]-
9.83	5.393894043	[M-H]-
9.22	-3.732488403	[M-H]-
9.78	4.540651855	[M+Na]+
9.75	2.099310913	[M+H]+
10.19	-2.307937012	[M-H]-
8.89	-4.840826416	[M+H]+
9.5	4.814432983	[M+H]+
9.414	3.289822998	[M-H]-
10.195	-7.251114502	[M-H]-
9.15	0.16758667	[M-H]-
10.48	2.652669678	[M-H]-
10.195	0.485499268	[M+H]+
9.586	4.162562256	[M+H]+
9.94	5.163466797	[M-H]-
9.83	-1.464205322	[M+H]+
9.74	-4.248388672	[M-H]-
10	-0.057261963	[M+H]+
10.28	-3.90657959	[M-H]-
9.5	-0.561661377	[M-H]-
9.67	-0.740893555	[M+H]+
10.17	0.219702148	[M+Na]+
8.35	-4.402125244	[M-H]-
9.94	-4.81838623	[M+Na]+
6.28	0.790879517	[M-H]-
10.28	-3.379630127	[M+Na]+
8.805	-1.04092041	[M+H]+
9.94	-1.394852905	[M+Na]+
8.76	-0.155982666	[M+H]+
7.24	-1.595112305	[M-H]-
6.566	-1.090813599	[M+Na]+
10.14	2.507073975	[M+Na]+
9.83	-10.47011597	[M+H]+
9.95	7.182877197	[M-H]-
9.19	-1.680212402	[M+Na]+
9.26	0.149487915	[M+H]+
9.63	-7.766072998	[M+H]+
9.805	4.325639648	[M+H]+
6.414	-2.31786377	[M+Na]+
8.914	2.504942627	[M+H]+
9.72	-9.100787354	[M+Na]+
9.11	1.998000488	[M+Na]+
7.89	-2.037098999	[M-H]-
10.086	0.047261353	[M-H]-
7.926	2.401346436	[M+H]+
10.02	-5.273556519	[M+Na]+
6.773	-2.689984741	[M-H]-
8.67	-0.111329956	[M-H]-
10.36	-6.057050781	[M+H]+
9.78	12.46001587	[M+Na]+
10.414	-1.218406372	[M+H]+
9.92	-4.294918213	[M+Na]+
9.47	-3.408168945	[M+H]+
9.87	-11.92333618	[M+H]+
10.03	-2.245041504	[M+Na]+
9.95	1.685895996	[M+Na]+
10.14	2.081018677	[M+H]+
9.5	-3.97894165	[M+Na]+
9.02	8.69039856	[M-H]-
8.88	5.048122559	[M+H]+
9.65	8.997171021	[M-H]-
9.63	6.275134277	[M-H]-
10.055	5.027272949	[M-H]-
10.1	0.204030762	[M+H]+
9.99	-1.132089844	[M-H]-
9.73	-1.180597534	[M+H]+
7.793	-0.851574097	[M+Na]+
10.445	1.337061768	[M-H]-
9.73	-2.695610962	[M+Na]+
10.586	-1.082740479	[M-H]-
9.25	-1.28463501	[M+H]+
9.55	-0.994090576	[M-H]-
10.23	2.04416687	[M+H]+
10.25	-0.311524658	[M+H]+
10.11	-2.358242187	[M-H]-
8.56	-1.558948364	[M-H]-
10	-0.449009399	[M+H]+
10.445	-3.528898926	[M-H]-
9.49	-5.431564941	[M-H]-
9.81	-29.70467407	[M-H]-
9.28	1.657650146	[M+H]+
10.01	-0.013111572	[M+Na]+
10.055	-0.291066895	[M+H]+
10.48	-0.939857178	[M+H]+
9.67	-7.258813477	[M-H]-
7.176	-1.755013428	[M+Na]+
9.195	-0.49991394	[M+H]+
9.98	2.140292969	[M-H]-
10.336	-5.023456421	[M+H]+
10.24	-1.830240479	[M-H]-
9.85	-1.436428223	[M+H]+
9.914	-3.962803955	[M+H]+
8.39	0.173044434	[M+H]+
9.99	-2.715449219	[M+H]+
10.414	-4.089931641	[M+Na]+
9.99	-6.340002441	[M+H]+
10.23	2.177041016	[M+H]+
7.03	-0.594055176	[M-H]-
10.2	2.358173218	[M+H]+
10.37	-2.726923828	[M+H]+
9.664	0.280508423	[M+H]+
9.74	-4.525595703	[M+Na]+
8.45	-3.311589966	[M-H]-
9.52	-0.773031006	[M+Na]+
10.47	-6.856759033	[M+H]+
9.45	10.59825195	[M+H]+
5.566	-0.613497314	[M-H]-
8.98	-0.927094727	[M+Na]+
10.195	1.550152588	[M-H]-
10.164	0.95975708	[M-H]-
9.94	3.436865845	[M+Na]+
9.61	-5.263243408	[M-H]-
10	-1.847197876	[M+H]+
9.22	-0.965966797	[M+H]+
9.75	-3.177400513	[M+H]+
10.14	-4.177197266	[M+H]+
10.336	3.980991821	[M+Na]+
8.53	5.741383057	[M-H]-
8.195	0.408725586	[M+H]+
8.78	2.036590576	[M-H]-
9.67	-0.101977539	[M-H]-
10.36	1.223062744	[M+H]+
9.95	0.099415283	[M+Na]+
10.49	5.651343994	[M+H]+
10.17	-1.048850708	[M+H]+
9.44	-2.121738281	[M+Na]+
9.95	2.819331665	[M-H]-
9.85	-2.642060547	[M-H]-
10.19	-12.45921021	[M-H]-
9.695	2.769956665	[M-H]-
9.94	-1.652729492	[M-H]-
9.914	1.371885986	[M+Na]+
8.17	0.579602661	[M+H]+
10	3.18947998	[M-H]-
9.94	9.154053955	[M-H]-
9.62	-0.37598877	[M+H]+
9.7	0.987999268	[M-H]-
9.945	-2.35710022	[M+H]+
9.95	-5.514775391	[M+Na]+
9.26	-0.544428101	[M-H]-
10.19	2.777868042	[M+H]+
9.88	-3.688665771	[M-H]-
8.97	-3.499939575	[M-H]-
9.73	5.474627075	[M+Na]+
10.03	3.929398193	[M+Na]+
9.67	-2.016274414	[M-H]-
10	-3.206119385	[M+Na]+
7.26	1.482692871	[M+Na]+
8.73	-2.756981201	[M+H]+
10.305	0.573875732	[M+Na]+
10.48	-1.472362671	[M-H]-
9.44	1.687463379	[M-H]-
8.89	1.449187622	[M+H]+
9.805	-1.452583008	[M-H]-
9.85	13.59184448	[M+Na]+
9.42	0.006740723	[M+H]+
9.76	-7.111837158	[M+H]+
9.8	1.69690918	[M+Na]+
10.695	3.051773682	[M-H]-
9.086	-0.242313232	[M+H]+
10	-11.38809631	[M+Na]+
9.55	1.508267822	[M+H]+
9.95	-3.522115479	[M-H]-
9.9	-1.773082275	[M+Na]+
7.5	-2.207509155	[M-H]-
9.95	5.354738159	[M+Na]+
9.98	-7.659337158	[M+H]+
9.86	5.701115723	[M-H]-
9.11	-2.66623291	[M+H]+
6.11	-0.083293457	[M+Na]+
9.67	0.251346436	[M+Na]+
6.773	-0.918334351	[M+H]+
10.4	-7.105877075	[M+Na]+
7.47	0.234013672	[M-H]-
9.98	1.182861328	[M+H]+
9.33	-9.8590979	[M-H]-
10.19	7.537149658	[M-H]-
6.695	0.115635986	[M+Na]+
9.3	0.223218994	[M+H]+
10.47	4.155892334	[M-H]-
9.83	11.02716187	[M-H]-
8.95	-7.360533447	[M+H]+
8.89	-1.199881592	[M+Na]+
10.445	7.027789307	[M-H]-
9.98	1.015415649	[M-H]-
9.805	2.330566406	[M+H]+
10.11	-3.292240601	[M-H]-
7.676	-4.021063232	[M-H]-
10.195	2.264952393	[M+H]+
9.914	2.025483398	[M+Na]+
7.477	0.808101807	[M-H]-
10.33	0.570027466	[M-H]-
10.38	-4.76149292	[M-H]-
10.48	15.38371216	[M-H]-
10.19	-2.078065186	[M-H]-
9.48	-3.354387817	[M-H]-
10.37	-7.812160034	[M+Na]+
7.72	-2.983084717	[M+H]+
8.06	-2.149272461	[M-H]-
9.47	3.497456055	[M+H]+
9.87	0.390900879	[M-H]-
9.56	1.491065674	[M-H]-
9.92	3.07248291	[M+H]+
8.49	-3.593364258	[M-H]-
7.676	0.469534912	[M+Na]+
9.94	-0.838673096	[M+H]+
10.23	-3.601151733	[M+H]+
10	-0.491118774	[M-H]-
10.63	-6.628612061	[M+H]+
10	2.550540771	[M-H]-
6.652	1.416711426	[M+H]+
9.914	0.524504395	[M+H]+
10.26	4.139020386	[M+Na]+
7.926	2.665858154	[M+H]+
9.74	4.105251465	[M+Na]+
10	0.919743652	[M+Na]+
9.72	0.040189819	[M+Na]+
7.63	2.120047607	[M+H]+
9.56	-8.98267395	[M-H]-
10.11	4.8500177	[M-H]-
10.27	-2.586599731	[M-H]-
9.85	2.779373779	[M+H]+
10.08	2.952261963	[M-H]-
10	3.198106689	[M-H]-
9.24	6.226386108	[M+H]+
10.2	1.338172607	[M+H]+
6.566	-1.495326538	[M+H]+
9.586	-1.548687744	[M+Na]+
6.676	0.353728638	[M+Na]+
10.24	9.440561523	[M+H]+
9.836	-4.058478394	[M+H]+
9.945	14.47750916	[M-H]-
5.805	-0.546988525	[M+Na]+
10.414	4.424766846	[M+Na]+
9.86	-0.845175781	[M-H]-
9.63	0.954848633	[M+H]+
9.97	4.79694397	[M+H]+
9.92	-3.675432129	[M+H]+
7.49	0.713360596	[M+Na]+
9.87	3.628563232	[M+Na]+
9.56	-0.245941772	[M-H]-
9.805	-2.242205811	[M+H]+
9.64	1.019603271	[M+H]+
10.17	7.913294678	[M+H]+
9.62	-4.237768555	[M+H]+
9.87	-3.112297974	[M-H]-
9.98	0.511464844	[M+Na]+
9.06	-3.587912598	[M-H]-
9.5	5.688237305	[M+Na]+
10.42	-1.973720703	[M-H]-
10.36	-0.598114014	[M+H]+
9.94	2.283147583	[M+H]+
9.445	0.764224854	[M-H]-
10	-4.474085693	[M+Na]+
10.1	0.931444092	[M-H]-
9.99	3.490688477	[M+Na]+
9.88	2.94355835	[M+H]+
10.11	-8.383734741	[M+H]+
9.98	-1.041114502	[M+H]+
10.14	3.447138672	[M+H]+
9.98	3.627382202	[M+H]+
10.31	5.529778442	[M-H]-
9.05	5.165617065	[M+Na]+
9.8	-4.926525879	[M+H]+
9.87	4.70062439	[M-H]-
9.664	2.793743896	[M+Na]+
8.52	-0.718046265	[M-H]-
10	4.381437988	[M+Na]+
9.39	-1.499290161	[M+H]+
9.06	-1.190175781	[M-H]-
8.305	-0.963911133	[M+H]+
9.75	-0.155184326	[M+Na]+
9.48	-4.804210815	[M+Na]+
9.88	-0.397398682	[M+H]+
9.836	-2.620119629	[M+Na]+
9.85	1.348037109	[M+H]+
9.97	13.47256958	[M-H]-
10	3.868128662	[M+H]+
9.914	0.414667969	[M+H]+
10.33	1.838913574	[M-H]-
10.13	0.635598145	[M-H]-
10.13	12.97731812	[M+Na]+
6.805	-2.747462769	[M+H]+
9.24	-1.187650146	[M-H]-
9.81	4.532131958	[M-H]-
9.69	2.84413269	[M+H]+
9.14	0.28967041	[M+H]+
9.85	-0.107208252	[M+Na]+
9.95	-6.682880859	[M+H]+
9.67	2.829701538	[M-H]-
9.945	-7.387196045	[M-H]-
9.72	2.591269531	[M-H]-
9.73	0.634553833	[M+H]+
9.48	0.741405029	[M+H]+
9.98	3.328850098	[M+H]+
9.6	0.451782837	[M-H]-
9.28	4.986571045	[M+H]+
9.83	-2.536069336	[M+Na]+
10.39	-0.730567017	[M-H]-
9.3	1.022351074	[M+Na]+
10.195	-1.658928833	[M+H]+
10	1.275845337	[M+H]+
10.33	-6.83862915	[M+H]+
11.836	-9.368671875	[M-H]-
10.1	1.373818359	[M+H]+
9.48	-2.101412354	[M+H]+
10	-9.025449219	[M+H]+
10	5.434284058	[M+H]+
10.336	3.391577759	[M+H]+
10	-5.164993896	[M-H]-
9.76	-1.774632568	[M+H]+
9.89	-1.517357178	[M+Na]+
9.38	-3.870908203	[M+H]+
9.98	2.549830933	[M+H]+
9.24	0.7303125	[M+H]+
10.336	6.048543701	[M-H]-
10.33	-3.9584375	[M+Na]+
9.74	0.7996521	[M+Na]+
9.87	5.725299683	[M+H]+
9.98	0.934193115	[M+H]+
9.85	0.010827026	[M+H]+
9.6	-2.66380249	[M-H]-
9.38	0.155799561	[M+H]+
9.98	-2.493982544	[M-H]-
10.055	4.034754639	[M+H]+
9.97	-0.848232422	[M+H]+
10.26	3.599212646	[M+H]+
10.31	-0.981003418	[M+Na]+
9.15	1.509938965	[M+H]+
9.87	0.234371338	[M+H]+
8.94	-0.010839233	[M+H]+
10.45	0.825068359	[M+H]+
10.195	-7.930605469	[M+H]+
9.85	0.262380981	[M+H]+
9.445	-2.062802734	[M+H]+
10.37	0.036673584	[M+Na]+
9.414	1.233897705	[M+H]+
9.945	-7.293832397	[M-H]-
9.39	2.444916382	[M+H]+
9.95	0.402369385	[M+H]+
9.95	9.56003418	[M-H]-
8.48	-3.347352295	[M+Na]+
9.95	-0.384594727	[M+H]+
9.11	3.820175781	[M+Na]+
10.47	0.11279541	[M-H]-
9.83	1.928721313	[M+Na]+
9.72	-2.865847168	[M+H]+
9.76	3.712675781	[M+Na]+
10	0.150498047	[M+Na]+
9.98	0.96276001	[M-H]-
9.74	-1.242930908	[M+H]+
9.45	4.986185303	[M+H]+
10.586	-1.351905518	[M+Na]+
9.28	-1.801002197	[M+H]+
9.8	5.055391846	[M-H]-
9.836	-2.608188477	[M+H]+
9.24	-4.676638794	[M+Na]+
10.445	2.349884644	[M+Na]+
10.24	-7.688505859	[M-H]-
10.27	0.161907959	[M+H]+
10.03	-2.5459552	[M+H]+
9.88	-6.126160889	[M-H]-
9.45	28.68366455	[M+Na]+
9.69	-0.899699097	[M+H]+
8.164	-2.504121094	[M+Na]+
9.695	0.68043335	[M+H]+
8.98	-1.484387207	[M+Na]+
10.15	-8.855655518	[M+Na]+
10.11	-1.939857178	[M+Na]+
10.24	4.228722534	[M+Na]+
9.99	0.10762207	[M+Na]+
9.95	3.844537964	[M+H]+
9.35	-3.705254517	[M+H]+
9.48	9.523081055	[M+H]+
10.11	0.27791626	[M+H]+
9.44	-1.042952881	[M-H]-
10.39	1.12458252	[M-H]-
9.44	-2.314750977	[M+H]+
9.914	3.500281982	[M+H]+
9.99	-13.13421265	[M+Na]+
10.23	6.173537598	[M+H]+
9.17	0.361051025	[M+H]+
9.805	-3.279578857	[M-H]-
10	-11.72040894	[M-H]-
9.94	-1.663092041	[M+H]+
9.914	0.665999756	[M+H]+
9.62	1.97197998	[M+Na]+
9.61	1.182020264	[M+H]+
10.17	-3.727301025	[M+H]+
9.63	-0.330783081	[M+H]+
9.94	-4.064024048	[M+Na]+
10.336	5.316254883	[M+Na]+
8.17	-0.226387939	[M-H]-
9.914	-6.180412598	[M-H]-
8.92	0.98732666	[M+H]+
10.47	-6.598900146	[M-H]-
10.1	0.630095825	[M+Na]+
10	14.74405579	[M+Na]+
9.81	0.51611084	[M-H]-
5.72	1.389573364	[M+H]+
10.28	-8.376491699	[M+Na]+
9.98	5.784001465	[M-H]-
9.61	-3.336383667	[M+Na]+
9.11	2.397679443	[M+Na]+
10.31	-0.795560913	[M-H]-
9.914	-2.460066528	[M+H]+
10.17	-0.630722656	[M+H]+
10.27	1.609805908	[M+H]+
10.414	-1.305110474	[M-H]-
10.27	-0.490473633	[M+H]+
10.47	0.781821899	[M-H]-
10.47	-0.353005371	[M+H]+
9.78	-3.155043945	[M+Na]+
9.6	-0.205333862	[M+Na]+
9.78	-3.50519165	[M+Na]+
9.94	0.964333496	[M+H]+
8.64	-8.846621704	[M+H]+
9.914	-1.106456909	[M+Na]+
7.977	-0.927278442	[M-H]-
10.445	-0.876688843	[M+H]+
9.9	7.666902466	[M-H]-
8.77	-4.506620483	[M+Na]+
10	3.163190918	[M+Na]+
8.85	-5.850684204	[M+Na]+
9.89	-5.344595337	[M+H]+
8.195	1.027749634	[M+H]+
10.055	-2.905438232	[M+H]+
9.52	0.981022949	[M-H]-
9.945	2.089753418	[M+Na]+
10.11	-1.876716919	[M-H]-
10.42	-0.874180908	[M+Na]+
4.977	-0.834538574	[M+Na]+
9.45	-3.687295532	[M+H]+
9.78	6.365050049	[M+H]+
7.195	0.310848389	[M+H]+
9.89	4.572823486	[M+Na]+
10.45	2.580908203	[M+H]+
9.5	-1.904968262	[M+H]+
10	-2.433934326	[M+H]+
10.4	-9.111762085	[M+H]+
9.69	-3.867769165	[M+Na]+
9.664	1.064980469	[M-H]-
10	-4.092122803	[M+H]+
10.1	-3.620048828	[M+H]+
9.92	-1.53423584	[M+Na]+
10.5	-9.479338379	[M+Na]+
10.48	-9.901657715	[M+H]+
10	6.182306519	[M+Na]+
9.95	0.80135437	[M-H]-
8.195	0.363377075	[M+Na]+
9.76	4.475333252	[M+H]+
8.305	3.228588867	[M+H]+
10	-20.03648743	[M-H]-
10	-1.198353882	[M-H]-
6.176	1.025509033	[M+H]+
6.324	0.583106079	[M-H]-
10.49	-17.31900879	[M+Na]+
9.56	10.19831299	[M+H]+
7.99	-2.388972168	[M+H]+
9.42	0.202237549	[M+Na]+
10.164	-0.091184082	[M+H]+
9.74	5.677793579	[M-H]-
9.98	-4.357050781	[M+H]+
8.63	-0.492572632	[M+H]+
10.3	6.482169189	[M+H]+
9.92	5.170141602	[M+Na]+
9.37	0.591730347	[M+H]+
9.78	1.780821533	[M+Na]+
9.95	-12.26848877	[M+Na]+
9.13	0.83024292	[M+Na]+
9.78	-1.300721436	[M-H]-
8.15	1.384227905	[M-H]-
8.97	0.453161621	[M+H]+
10.195	-3.650825806	[M+Na]+
9.76	-0.682703857	[M+Na]+
10.28	6.420996704	[M-H]-
10.1	-0.007121582	[M-H]-
7.305	15.42012146	[M+Na]+
9.85	-1.154018555	[M+H]+
10.49	-5.114284668	[M+H]+
9.76	-1.544466553	[M+Na]+
9.8	0.133121338	[M+H]+
8.086	-3.100300903	[M-H]-
10.414	-4.229790039	[M-H]-
10.33	0.880222778	[M+Na]+
9.78	0.659024658	[M-H]-
10.15	-0.130480957	[M+H]+
10.44	-2.099146729	[M+Na]+
8.914	1.791470337	[M-H]-
9.56	-2.094761353	[M+H]+
10.4	-8.564389038	[M-H]-
8.88	0.064902344	[M+H]+
9.85	-0.418428345	[M+H]+
7.78	-0.639211426	[M+H]+
8.56	-2.818132935	[M+H]+
9.92	4.921176758	[M+Na]+
8.56	0.670797729	[M+Na]+
9.23	5.19920166	[M-H]-
9.92	-1.165117187	[M+Na]+
9.55	34.24502319	[M-H]-
10	0.444761963	[M+Na]+
9.914	3.402681274	[M+H]+
10.26	-2.784179688	[M+H]+
9.5	-1.358412476	[M-H]-
10.055	-2.272946777	[M-H]-
10	-1.308548584	[M+Na]+
9.63	8.541008301	[M+H]+
8.37	-0.235095215	[M-H]-
10.26	-4.796148682	[M+H]+
10.414	10.56164185	[M+Na]+
9.086	0.10888916	[M-H]-
10	0.83484314	[M-H]-
9.98	-2.550939331	[M+H]+
7.28	-1.966346436	[M+H]+
10.28	-0.222317505	[M+Na]+
10.26	-1.870888672	[M+H]+
10.01	-3.332913818	[M-H]-
10.26	3.673341064	[M+H]+
9.83	0.077797852	[M+H]+
10.12	-3.168517456	[M-H]-
10.35	-1.530699463	[M+H]+
9.9	3.136676636	[M+H]+
10.27	0.049749756	[M-H]-
10.48	10.53596497	[M+Na]+
9.94	-2.534074707	[M+H]+
10	1.542763062	[M-H]-
9.94	2.19208252	[M-H]-
9.914	6.199232788	[M+Na]+
9.72	0.189555664	[M+H]+
9.72	-3.47342041	[M+Na]+
9.95	-2.0131427	[M+H]+
10.17	-1.56043396	[M-H]-
9.5	2.397640991	[M+H]+
9.87	-1.497562866	[M-H]-
9.03	1.272047119	[M+H]+
9.95	5.566859131	[M+H]+
10.31	4.742216797	[M+Na]+
9.99	1.096812744	[M+H]+
9.51	1.054953003	[M+H]+
9.98	-3.705397949	[M+H]+
8.61	0.909815674	[M+Na]+
9.98	1.33086853	[M+H]+
10.48	2.482834473	[M+Na]+
10.3	3.830080566	[M-H]-
10	-0.271893311	[M+H]+
10.31	0.279279785	[M+Na]+
10.63	4.624941406	[M+H]+
10.44	0.265493164	[M+H]+
9.89	2.451191406	[M+H]+
10.47	0.82838562	[M+Na]+
10.48	-4.08977356	[M+H]+
10	-2.200336914	[M+Na]+
10	-8.671708374	[M+Na]+
10.336	0.459747314	[M+H]+
10.15	-6.806040039	[M+Na]+
8.01	-5.408946533	[M+Na]+
9.414	-0.725048828	[M-H]-
9.414	-4.068026123	[M+H]+
10	5.210165405	[M+H]+
10.4	5.904090576	[M+Na]+
9.22	-0.981375732	[M-H]-
9.89	0.500611572	[M+Na]+
10.19	4.807747803	[M-H]-
9.98	-5.520780029	[M+Na]+
9.95	-1.087512207	[M+H]+
9.85	-2.037818604	[M+H]+
9.95	-0.144716187	[M+H]+
9.83	-0.741641235	[M-H]-
9.67	-0.040979004	[M-H]-
9.65	-2.66324646	[M+H]+
10	0.003571167	[M+H]+
10.44	5.916987305	[M-H]-
9.89	-15.10645935	[M-H]-
10.15	-0.533222046	[M+Na]+
9.836	-2.343779907	[M+H]+
9.56	-3.422575073	[M+Na]+
6.457	-0.780490723	[M+Na]+
8.445	0.200767822	[M+Na]+
7.566	1.174703369	[M-H]-
9.98	7.577409668	[M-H]-
8.78	1.162680664	[M-H]-
9.72	0.95402832	[M+H]+
10.17	0.497506104	[M+Na]+
10.26	-4.377786865	[M-H]-
8.49	-8.80576416	[M+Na]+
10.49	3.089203491	[M+H]+
9.87	4.116444092	[M+H]+
9.78	-0.599768066	[M+H]+
10.414	-1.702634277	[M+Na]+
9.65	-5.944088745	[M+H]+
9.664	-0.013852539	[M+Na]+
10	8.877103271	[M+Na]+
9.76	1.936464844	[M+H]+
10.19	-2.013502808	[M-H]-
10	-0.868358765	[M+H]+
9.85	-3.532418213	[M+Na]+
6.664	-1.241339111	[M+H]+
10.13	-3.423962402	[M+H]+
10.02	-8.541390381	[M-H]-
9.15	1.149411621	[M-H]-
9.95	-0.115698242	[M+H]+
9.95	2.970333862	[M+H]+
10.445	-1.570715332	[M+H]+
5.934	0.224356689	[M+Na]+
9.74	-0.489709473	[M+H]+
8.87	-0.300858154	[M+H]+
4.74	-1.979136963	[M-H]-
9.98	1.131606445	[M+H]+
10.02	0.990273438	[M+Na]+
9.63	-0.498643188	[M-H]-
9.22	-1.307915649	[M-H]-
10.164	-1.853339844	[M+H]+
10.305	2.094835205	[M+H]+
9.55	-2.839039917	[M-H]-
10.13	-1.65612793	[M+H]+
10.31	15.60522156	[M-H]-
9.945	0.906801758	[M+H]+
10.26	-0.986010742	[M-H]-
10.26	5.243834229	[M+Na]+
9.85	-0.94026123	[M+Na]+
10.28	0.394267578	[M+H]+
10.47	-2.618781738	[M+H]+
9.22	-1.338417969	[M+H]+
9.98	-10.80532898	[M+Na]+
9.836	-4.129790039	[M+Na]+
10.195	-0.336860352	[M+Na]+
6.434	0.683532715	[M-H]-
8.95	-3.191904907	[M+H]+
10.12	11.63101196	[M-H]-
9.414	-2.215431519	[M+H]+
5.74	2.888140869	[M-H]-
10.305	-0.692755127	[M+H]+
10.15	0.77774292	[M+H]+
5.805	1.023786011	[M-H]-
10.63	0.232072144	[M-H]-
10.5	-2.322298584	[M+H]+
10	6.030289307	[M+Na]+
10.4	10.34722046	[M+Na]+
9.586	3.9147052	[M+Na]+
8.67	3.711447754	[M-H]-
10.17	2.15442749	[M-H]-
8.39	8.589115601	[M-H]-
9.44	0.807335815	[M+Na]+
8.45	-0.095511475	[M-H]-
9.5	3.817736816	[M+Na]+
10.195	-0.466219482	[M-H]-
9.9	-7.27038269	[M-H]-
10	4.646126709	[M-H]-
8.85	-0.368166504	[M+H]+
9.98	1.508477783	[M+H]+
9.7	-8.838674316	[M+H]+
9.94	-3.679951782	[M+H]+
10	6.969424438	[M+H]+
9.56	6.31960083	[M-H]-
10.22	-1.410114746	[M-H]-
10.08	-9.278687744	[M+Na]+
7.176	-1.508621826	[M+H]+
10.48	4.855426025	[M+H]+
10.055	-0.166494141	[M-H]-
10.2	-0.925834961	[M+H]+
8.23	-2.513865356	[M+H]+
9.17	-9.976077881	[M-H]-
9.95	1.424389648	[M+Na]+
9.83	0.8356073	[M+H]+
10.08	-1.401057129	[M+H]+
9.63	-0.672341309	[M+H]+
9.89	-1.440457764	[M+H]+
7.348	-4.97701416	[M+H]+
9.586	-1.252182007	[M+H]+
10.05	12.96345581	[M+H]+
10.15	0.881697998	[M+H]+
8.95	-0.127555542	[M+H]+
9.3	-4.613369751	[M+H]+
10.414	-4.665869751	[M+Na]+
9.94	-0.298071899	[M+H]+
9.56	5.498273926	[M-H]-
10	2.02567627	[M+Na]+
9.56	-2.581287842	[M+H]+
10.445	1.102059326	[M+H]+
9.06	1.699158936	[M+H]+
9.89	-0.092768555	[M+Na]+
9.15	1.136976318	[M+Na]+
8.15	-13.05952393	[M+Na]+
9.89	2.034909668	[M+H]+
9.83	-0.854082642	[M-H]-
9.805	5.633702393	[M+Na]+
8.97	-1.428742065	[M-H]-
10	3.021914063	[M+H]+
10.38	3.022109375	[M+H]+
9.67	2.205601807	[M+Na]+
10	-4.919759521	[M+H]+
9.63	-2.716645508	[M+H]+
9.55	-4.02241333	[M-H]-
9.98	-2.152446899	[M+H]+
9.06	1.956862793	[M+Na]+
10.01	0.193726807	[M+Na]+
9.75	6.609176025	[M+Na]+
9.56	0.310612793	[M-H]-
9.664	0.751810303	[M+Na]+
9.69	-1.068156738	[M+Na]+
9.85	-1.147689209	[M-H]-
8.86	2.344165039	[M-H]-
9.055	-1.593719482	[M+H]+
8.195	-4.569265137	[M-H]-
10	-3.718934326	[M+H]+
9.87	6.038636475	[M+Na]+
9.22	-2.937979126	[M+H]+
9.76	-0.527526855	[M+H]+
7.26	-0.132329712	[M-H]-
10.45	-1.568623047	[M-H]-
9.89	-1.852857666	[M+Na]+
9.52	-8.573318481	[M+H]+
10.17	-0.49491333	[M+Na]+
10	-3.523745117	[M+Na]+
7.805	0.271853027	[M+H]+
6.727	-9.175240479	[M-H]-
10	1.042879639	[M+H]+
9.586	9.989718018	[M+Na]+
9.83	-1.889434814	[M-H]-
9.95	1.004783936	[M+H]+
10.49	17.67309509	[M+Na]+
10.33	-1.647332764	[M+H]+
10.13	5.283881836	[M+H]+
9.99	-0.281580811	[M-H]-
9.61	-0.506571045	[M+H]+
10.6	-0.15723877	[M+H]+
6.043	-2.02531311	[M+H]+
9.89	0.274338989	[M+H]+
10.26	0.964485474	[M+H]+
8.35	0.265054321	[M-H]-
9.85	3.304512329	[M+H]+
7.99	2.095880737	[M+H]+
8.75	-1.23465332	[M+H]+
9.914	2.483346558	[M+Na]+
9.94	-1.963137207	[M-H]-
9.78	2.518311157	[M+H]+
9.47	0.277861938	[M+Na]+
9.94	4.278664551	[M+H]+
9.89	-15.6004541	[M-H]-
10.08	-6.83618103	[M+H]+
9.78	-4.070402832	[M-H]-
10	-5.185302734	[M+Na]+
10	9.519284668	[M-H]-
9.914	-11.34595947	[M+Na]+
10.19	-0.497803955	[M+H]+
9.64	1.056068115	[M+H]+
10.35	-2.681103516	[M+Na]+
9.164	-2.97072937	[M+H]+
10.445	-5.025810547	[M-H]-
10.3	7.220443726	[M+Na]+
10.336	-2.168833618	[M+H]+
10.1	-3.567055664	[M+H]+
9.87	1.172681885	[M-H]-
10.33	3.254969482	[M-H]-
10	3.284179077	[M+H]+
10	-13.17256775	[M-H]-
10.38	-1.59458374	[M-H]-
10	-2.143151855	[M-H]-
10	-3.504932861	[M+H]+
10.44	-0.240231934	[M+Na]+
9.48	6.710350342	[M-H]-
9.695	-0.681585693	[M+Na]+
9.26	-0.611744995	[M+H]+
9.86	-2.677694092	[M+Na]+
7.434	1.959177856	[M-H]-
9.64	0.07637085	[M+H]+
8.76	3.699589233	[M+H]+
9.53	0.627849121	[M-H]-
10.22	5.791331177	[M-H]-
9.83	-3.193810425	[M-H]-
10	0.824813843	[M+H]+
10.336	15.54845093	[M-H]-
10.26	-2.35440979	[M+H]+
10.195	5.347678833	[M+Na]+
10.03	0.630871582	[M-H]-
9.914	-0.695396729	[M+H]+
6.914	-2.899798584	[M-H]-
9.914	0.108161621	[M+Na]+
9.63	-0.832953491	[M-H]-
9.89	-0.824345703	[M+H]+
9.02	1.928510742	[M+H]+
7.89	5.775223389	[M-H]-
10.19	3.077402344	[M-H]-
9.44	1.277588501	[M+H]+
9.195	-0.90642395	[M+H]+
10.47	1.985219727	[M-H]-
9.61	-2.735361328	[M-H]-
10.05	-0.409083252	[M-H]-
10	-6.579221191	[M+H]+
10.5	4.798028564	[M+Na]+
10	1.336321411	[M+H]+
9.805	5.064694824	[M+H]+
10.12	-0.719558105	[M+Na]+
9.76	-6.015429687	[M+Na]+
9.98	-2.614190674	[M+Na]+
8.61	-0.433765259	[M+Na]+
9.95	1.585262451	[M+H]+
9.086	-0.096203613	[M-H]-
9.95	2.088787231	[M-H]-
8.36	4.054500732	[M+H]+
9.31	1.227008057	[M+H]+
10.26	-2.985866699	[M+H]+
9.586	-0.919625244	[M+H]+
9.87	1.730002441	[M+Na]+
10.05	2.377577515	[M+H]+
10.445	-8.748843384	[M+Na]+
9.75	-1.717556152	[M-H]-
9.76	-5.404052734	[M-H]-
10.2	-1.553483887	[M-H]-
10.3	0.900788574	[M+H]+
6.805	1.149127197	[M-H]-
9.65	-5.882327881	[M+Na]+
9.98	1.629111938	[M+Na]+
7.39	0.119516602	[M-H]-
9.78	2.604291382	[M+Na]+
5.28	-1.597857666	[M-H]-
10.03	-0.174331055	[M+H]+
10.06	3.301361084	[M+Na]+
9.89	8.893712158	[M+H]+
6	0.252545166	[M-H]-
9.914	-4.642696533	[M-H]-
8.586	0.282321777	[M+H]+
9.35	-7.01331665	[M-H]-
10	-4.590826416	[M+Na]+
9.39	-2.704979858	[M+Na]+
9.89	0.7431073	[M+H]+
9.81	0.091512451	[M+H]+
7.37	0.730071411	[M+H]+
10.24	-6.240562744	[M+Na]+
10.02	-2.232559204	[M+Na]+
9.76	6.171940918	[M+H]+
7.055	-1.911259766	[M+H]+
9.95	-17.40126343	[M-H]-
7.24	-4.650162354	[M-H]-
9.6	1.059111328	[M+Na]+
9.805	-3.161135254	[M+H]+
9.24	4.576950684	[M+H]+
10.45	-4.417628174	[M+Na]+
10.28	-3.805808105	[M+H]+
7.805	0.769480591	[M-H]-
10.24	-1.257446289	[M+H]+
10.42	-2.43782959	[M+H]+
10.14	0.53008728	[M+H]+
9.95	10.26284058	[M+Na]+
9.85	1.510874023	[M+H]+
10.28	1.283635864	[M+H]+
10	2.036988525	[M+H]+
10.37	-0.214805298	[M+H]+
9.914	1.715924072	[M-H]-
8.39	-0.077943726	[M+Na]+
9.055	0.595090332	[M+Na]+
9.914	1.607330322	[M+Na]+
9.15	2.016789551	[M+Na]+
7.695	-2.590758667	[M+Na]+
9.8	-0.230126953	[M+H]+
10.24	0.491668701	[M+H]+
10.48	-5.73166626	[M-H]-
7.37	1.044460449	[M+H]+
10.45	1.126233521	[M+H]+
9.81	1.681760254	[M+H]+
9.695	-0.048453369	[M+H]+
10.48	-4.639586182	[M+Na]+
9.94	1.80680542	[M-H]-
10.31	-3.127689209	[M-H]-
9.98	-5.084963379	[M+H]+
10	-2.073555908	[M+H]+
9.64	-1.162491455	[M+Na]+
9.72	3.981158447	[M+H]+
10.17	8.816618042	[M+H]+
10.74	1.463488159	[M+H]+
9.61	-1.039609375	[M+Na]+
9.61	-5.751964111	[M+Na]+
9.63	-1.091223145	[M-H]-
9.89	1.936791992	[M+Na]+
9.99	1.570771484	[M-H]-
10.14	-5.919702759	[M-H]-
10.26	0.330915527	[M+H]+
9.914	-3.062062988	[M+H]+
9.89	-3.296365356	[M+Na]+
10.2	0.815824585	[M+H]+
10.06	0.641276855	[M+H]+
9.02	-1.049718018	[M+Na]+
9.805	-2.752207031	[M+H]+
10.49	2.035955811	[M+H]+
9.8	-4.031289063	[M-H]-
10.164	1.878397217	[M+Na]+
10.13	1.904906616	[M+H]+
8.77	-0.115701904	[M-H]-
9.5	1.249934082	[M+Na]+
10.22	2.203590088	[M+H]+
10	-1.238018188	[M-H]-
9.55	-1.727485352	[M-H]-
10.83	9.479226074	[M+H]+
7.28	-2.814830933	[M+H]+
9.94	-3.036009521	[M-H]-
10.31	-2.146149902	[M+Na]+
9.95	8.323088379	[M+H]+
8.06	-1.341225586	[M+H]+
10.33	-0.419464111	[M-H]-
8.15	-3.452463379	[M+H]+
9.98	1.717382813	[M-H]-
10.414	-0.266551514	[M+H]+
9.74	2.010564575	[M+H]+
7.543	1.632267456	[M-H]-
10.45	-16.58376343	[M-H]-
10.01	-1.35300293	[M+H]+
9.64	-1.072486572	[M+H]+
9.6	9.92217041	[M-H]-
10.15	1.709779053	[M+Na]+
10.42	-1.733967896	[M+Na]+
9.87	4.763435059	[M+Na]+
10.36	-2.168286133	[M+H]+
10.48	-4.616390381	[M+H]+
9.74	-1.168616943	[M+H]+
10.15	-0.120955811	[M+H]+
9.94	2.732814941	[M+H]+
9.01	-0.073783569	[M+H]+
10.39	-4.838773804	[M+H]+
9.77	-2.980926514	[M+H]+
7.78	0.025634155	[M+H]+
9.89	3.1568396	[M+Na]+
9.17	-0.553151855	[M+H]+
9.89	-4.100577393	[M+H]+
10.39	6.948804321	[M+H]+
9.805	-4.809353027	[M+H]+
10.15	0.241676636	[M-H]-
10.24	1.700855713	[M+H]+
9.914	-0.090580444	[M-H]-
7.28	-3.33998291	[M+H]+
9.83	4.232084961	[M+Na]+
10	3.082319946	[M-H]-
9.74	8.937514648	[M+H]+
10.31	0.538527832	[M+H]+
9.97	-0.844221802	[M-H]-
9.414	-2.110822754	[M+H]+
9.95	5.016357422	[M+Na]+
9.45	-10.94195251	[M-H]-
9.97	4.927559814	[M+Na]+
9.95	1.354700928	[M+H]+
10.03	2.952336426	[M+H]+
9.94	-3.075490723	[M-H]-
9.63	-4.125134888	[M+H]+
9.62	1.284492188	[M+Na]+
8.76	3.567574463	[M-H]-
10.086	0.558808594	[M+H]+
10	0.193868408	[M+H]+
7.63	-1.659943848	[M-H]-
10.44	-1.087253418	[M+Na]+
10.414	4.322702637	[M+H]+
8.69	0.095836182	[M+Na]+
9.94	3.351005859	[M-H]-
9.52	-7.371126709	[M+H]+
9.5	-0.817637939	[M+H]+
10	2.803486328	[M+H]+
9.05	2.490858765	[M-H]-
9.75	-7.426209717	[M+H]+
10.24	-0.540517578	[M+Na]+
10.3	0.350032349	[M+H]+
10.14	0.859055176	[M+H]+
5.324	-1.061802979	[M-H]-
9.67	-5.780053711	[M+H]+
10	12.99376221	[M+H]+
10.25	-1.605344238	[M+Na]+
8.72	0.896903687	[M-H]-
10	-0.543511963	[M+H]+
7.566	2.950879517	[M+Na]+
8.77	-6.541798706	[M-H]-
10.36	-0.288400879	[M-H]-
9.05	-11.95496338	[M+Na]+
10.36	0.393406982	[M+H]+
10.28	4.231416016	[M-H]-
10.01	1.388665161	[M-H]-
10	-11.64466125	[M+H]+
8.44	2.174454956	[M+Na]+
9.33	0.467595215	[M-H]-
10.27	1.8444104	[M-H]-
10.06	4.369776611	[M+H]+
9.61	1.455202637	[M-H]-
7.543	0.852138672	[M+H]+
9.26	0.267346802	[M+H]+
10.47	-10.59340454	[M-H]-
9.58	0.417194824	[M-H]-
8.95	-2.129052734	[M+H]+
10.305	-0.50237854	[M+H]+
10.49	10.82774536	[M-H]-
9.85	-2.861347656	[M+H]+
10.03	1.072531738	[M+H]+
10.055	1.181981201	[M+Na]+
10	-0.791376343	[M-H]-
10.05	-1.560338745	[M-H]-
10.19	3.267799072	[M+H]+
10.22	-2.50000061	[M+H]+
9.98	1.331994019	[M-H]-
10.01	-4.414498291	[M+H]+
10.42	2.450087891	[M+H]+
9.83	-4.885249634	[M-H]-
9.92	-1.235723877	[M+H]+
10.1	10.92437073	[M+Na]+
9.48	2.380244141	[M-H]-
10.37	3.47491394	[M+H]+
10.055	1.725410156	[M-H]-
10.336	2.17430542	[M+H]+
9.85	-2.760464478	[M+Na]+
9.98	12.29463135	[M-H]-
9.97	-2.96803894	[M+H]+
10.1	-1.014135742	[M+H]+
10	-4.430233154	[M+Na]+
9.83	-0.857808838	[M+H]+
10.47	3.89364563	[M+H]+
10.75	-7.657597046	[M-H]-
7.043	-0.700222778	[M+H]+
9.98	-3.210670166	[M+H]+
10.08	-1.763813477	[M+H]+
10.42	-1.552000732	[M+H]+
9.42	-2.107092896	[M+H]+
10.33	7.015240479	[M+H]+
9.95	-0.596207275	[M-H]-
9.9	11.78568726	[M+Na]+
9.28	0.653643799	[M+H]+
9.13	2.574263916	[M-H]-
10	6.715516357	[M-H]-
9.85	6.093832397	[M-H]-
9.75	-0.06989502	[M+H]+
9.586	-1.886663818	[M-H]-
8.37	1.447455444	[M-H]-
9.914	1.672233887	[M+H]+
10.42	1.144797974	[M+H]+
9.94	3.056696777	[M+Na]+
8.9	2.32182251	[M+Na]+
7.63	3.753430176	[M+Na]+
8.11	-1.143200684	[M+Na]+
9.78	-1.354331055	[M-H]-
10.4	-2.864850464	[M-H]-
10.44	0.022141113	[M+Na]+
9.33	2.256069336	[M+Na]+
9.15	-1.416193848	[M+Na]+
8.55	2.407127686	[M+Na]+
10.4	0.408672485	[M-H]-
9.414	2.250045166	[M-H]-
10.3	9.981955566	[M+Na]+
9.49	-0.790621338	[M+H]+
10.49	2.313406372	[M+H]+
9.305	-6.780231934	[M-H]-
9.805	5.298927612	[M+Na]+
9.63	-2.449955444	[M+Na]+
9.06	-4.169589233	[M+H]+
10.48	3.314908447	[M+H]+
10.37	1.112536621	[M+H]+
9.95	0.00206543	[M+Na]+
9.664	-7.799562988	[M+Na]+
9.414	-0.794078979	[M+H]+
10.28	-2.427420654	[M-H]-
10.48	0.575027466	[M-H]-
8.95	-4.098270264	[M+Na]+
10.195	2.172178955	[M+H]+
9.72	2.721473389	[M-H]-
9.85	4.409002686	[M+H]+
9.9	6.088812866	[M-H]-
8.44	-4.658756714	[M-H]-
10.24	10.84028442	[M-H]-
8.33	3.161974487	[M+Na]+
8.69	3.952109375	[M+H]+
10.06	-12.69292847	[M-H]-
9.86	-3.214317627	[M+H]+
10.26	-1.267374268	[M+H]+
8.98	2.821623535	[M-H]-
10	26.57906982	[M+Na]+
10.445	-1.850914307	[M-H]-
10.23	1.825366211	[M+H]+
10	-8.608620605	[M+Na]+
10.17	0.086907959	[M+H]+
7.164	-0.240601196	[M-H]-
9.67	0.577803955	[M+Na]+
8.17	1.40145752	[M-H]-
9.89	1.525836792	[M+Na]+
9.52	-3.367335815	[M-H]-
9.95	5.506312256	[M+H]+
8.52	-0.097544556	[M+H]+
9.25	-2.711274414	[M+Na]+
8.88	1.732939453	[M-H]-
10.01	-0.335487061	[M+H]+
10.305	-0.459362183	[M+Na]+
9.97	-20.93669006	[M+Na]+
9.836	-0.016713867	[M-H]-
9.17	-2.513516846	[M+Na]+
9.88	-8.684781494	[M+H]+
8	0.627107544	[M+Na]+
9.97	4.270789795	[M+H]+
10.39	3.365414429	[M+H]+
10.48	-2.505328369	[M-H]-
7.305	-1.295927734	[M+H]+
10.414	-1.39755249	[M+H]+
9.664	3.261407471	[M+Na]+
9.7	-4.783582764	[M+Na]+
10.49	-3.620084229	[M+Na]+
9.98	-10.55571716	[M+Na]+
8.13	0.846785278	[M+H]+
9.58	2.267537842	[M-H]-
9.67	-2.441040039	[M+H]+
10.4	-4.113994141	[M-H]-
9.95	1.147619629	[M+H]+
9.76	0.526323242	[M+H]+
9.195	-11.14419189	[M+Na]+
9.95	4.589912109	[M-H]-
10	-0.531270752	[M+Na]+
9.44	-0.455463257	[M-H]-
8.48	6.180133057	[M-H]-
9.94	4.946133423	[M-H]-
9.63	-0.14854187	[M+Na]+
9.99	-1.371259155	[M+H]+
10	2.001243286	[M+Na]+
9.05	2.851992188	[M-H]-
9.48	-0.99342041	[M+Na]+
8.48	1.762786255	[M-H]-
10	-10.79118652	[M-H]-
9.52	2.256872559	[M-H]-
9.836	-3.772886963	[M+H]+
10	0.06331604	[M+H]+
9.42	-1.290169678	[M-H]-
9.76	-1.753812866	[M+Na]+
9.28	2.509649658	[M+H]+
9.56	-0.049837036	[M-H]-
7.695	2.0871521	[M+H]+
8.086	1.913565674	[M+H]+
7.414	2.89128479	[M-H]-
10.414	-2.464725342	[M-H]-
8.92	-0.494450684	[M+H]+
10	1.214310303	[M+H]+
9.85	-2.979019775	[M+H]+
9.94	1.782335815	[M-H]-
10.055	-7.17699646	[M+H]+
10.13	-2.812146606	[M-H]-
10.44	-18.21484131	[M+H]+
10.49	-5.078710938	[M-H]-
10.11	1.1522229	[M-H]-
10.35	3.742508545	[M-H]-
10.08	-8.902587891	[M-H]-
9.95	-5.095413818	[M-H]-
9.45	-3.384400024	[M-H]-
10.33	-11.61396118	[M+H]+
9.914	3.072055664	[M+H]+
9.48	0.704721069	[M-H]-
9.98	8.707995605	[M+H]+
9.98	4.32097168	[M+H]+
8.81	3.530612793	[M+H]+
10	-2.901449585	[M+H]+
10.37	0.931524048	[M+H]+
9.95	-0.366011353	[M-H]-
10.48	4.956339111	[M+H]+
9.74	1.735021973	[M+H]+
10.37	0.166187744	[M+H]+
9.95	2.359500122	[M+H]+
10.45	9.503956299	[M-H]-
10	-8.489841309	[M+H]+
9.25	-3.98637146	[M-H]-
7.848	-2.44480835	[M+H]+
10	0.569019775	[M-H]-
9.65	-1.707086182	[M-H]-
10.4	0.034855347	[M+H]+
10	1.988300781	[M+H]+
10.38	3.076091919	[M-H]-
9.94	2.136027832	[M-H]-
9.89	-0.652067871	[M-H]-
9.67	-5.276166992	[M-H]-
9.55	-1.057015991	[M+Na]+
9.15	-1.435352783	[M+Na]+
9.63	2.986628418	[M+Na]+
9.7	0.03258667	[M+Na]+
9.13	-10.37299561	[M+Na]+
9.31	3.687839966	[M+H]+
9.7	3.316541748	[M+H]+
8.336	0.67413269	[M+Na]+
9.44	4.780794678	[M+Na]+
10.414	4.57369751	[M+Na]+
10.24	-5.140614014	[M+H]+
10.26	5.38598999	[M+Na]+
10.25	3.765454102	[M+Na]+
10.49	-2.27526123	[M+H]+
9.164	-3.377040405	[M+H]+
10.15	-3.836891479	[M-H]-
9.76	4.400859375	[M+H]+
10.28	14.15332458	[M+Na]+
10.15	-2.141952515	[M-H]-
9	10.59851318	[M+H]+
9.75	-4.920828857	[M-H]-
9.7	8.268704834	[M+H]+
9.14	-1.730375977	[M+H]+
9.87	4.497563477	[M+Na]+
8.17	-1.363326416	[M+Na]+
9.95	2.10727417	[M+Na]+
10	-11.03245239	[M+H]+
10.42	-0.989897461	[M-H]-
10.26	-2.12144043	[M+H]+
10	-2.159036865	[M+H]+
10.3	-6.218909302	[M-H]-
8.15	-0.022364502	[M-H]-
9.78	-2.440481567	[M-H]-
9.67	6.555351562	[M-H]-
10.25	0.046201172	[M+Na]+
10	-2.62598999	[M+Na]+
9.38	-3.803585205	[M+Na]+
10	22.49610229	[M+Na]+
10.086	-5.202462158	[M-H]-
10.164	-3.61994873	[M+Na]+
9.14	-3.002927246	[M-H]-
7.13	1.809002686	[M+Na]+
6.598	-1.718086548	[M+Na]+
7.652	2.720068359	[M+H]+
10.086	-0.19065918	[M+H]+
9.94	2.123642578	[M+H]+
9.39	2.256882324	[M+H]+
10.33	-2.115453491	[M-H]-
10.48	2.987924805	[M+H]+
10	13.47365723	[M-H]-
9.56	2.863441162	[M+H]+
10.2	1.237302246	[M-H]-
9.83	1.206932373	[M+H]+
10.02	-1.138470459	[M+Na]+
10	-3.910858154	[M+H]+
9.73	-1.893436279	[M+H]+
10.49	-7.645806885	[M+H]+
10.33	4.353774414	[M+H]+
9.914	2.273485718	[M+H]+
10.44	-0.060862427	[M-H]-
9.85	-9.933800659	[M+H]+
9.914	6.065788574	[M+H]+
6.934	2.01939209	[M+Na]+
10.38	10.89481812	[M-H]-
9.83	3.575189209	[M+Na]+
9.99	-2.079328003	[M+H]+
9.92	1.136690674	[M+H]+
9.63	-1.265890503	[M+H]+
9.95	2.93265625	[M+H]+
8.33	-3.422473145	[M+Na]+
9.11	1.050432739	[M-H]-
9.85	-1.769318848	[M+H]+
9.72	-3.955	[M-H]-
9.48	4.690700684	[M+Na]+
10.1	9.785814209	[M-H]-
7.89	-3.306568604	[M-H]-
10.36	0.410836182	[M+H]+
10.19	2.187491455	[M+H]+
10	-0.872260132	[M+H]+
10	-4.489261475	[M+H]+
9.305	1.431412354	[M+H]+
9.56	1.272307129	[M+Na]+
9.98	-3.095739136	[M+H]+
9.8	-1.24204895	[M+H]+
9.39	1.228605957	[M+Na]+
8.086	2.268148193	[M+Na]+
9.5	-0.02190918	[M+H]+
8.88	-5.566187744	[M+H]+
9.62	-3.718550415	[M-H]-
10.28	4.26361084	[M-H]-
10.05	-1.459782104	[M-H]-
10.24	2.990576172	[M+Na]+
9.67	-0.090750732	[M-H]-
9.1	6.888624878	[M-H]-
8.76	-1.973152466	[M-H]-
10.49	-4.05597229	[M-H]-
10.22	-2.36354248	[M-H]-
10.38	7.861542358	[M+Na]+
10.15	-0.028310547	[M-H]-
9.06	6.126374512	[M-H]-
8.26	-2.14647522	[M+Na]+
10	-6.574730225	[M-H]-
10.336	3.503098145	[M+Na]+
10.39	5.002617187	[M+Na]+
9.914	-1.027541504	[M-H]-
10.445	6.846752319	[M+H]+
9.9	-3.471838379	[M-H]-
7.586	2.847000732	[M+H]+
10	1.664365845	[M-H]-
10.19	-15.93174072	[M-H]-
10.14	-4.584904785	[M+H]+
9.61	-5.756307373	[M-H]-
9.5	0.141635742	[M+H]+
10.17	-11.15459595	[M-H]-
10.37	-1.742333984	[M+H]+
5.348	-0.033171997	[M-H]-
9.8	-2.422942505	[M-H]-
9.95	2.241258545	[M+Na]+
9.586	4.148825684	[M-H]-
9.95	-8.619979248	[M-H]-
10.38	-4.240377197	[M+Na]+
10.39	4.231858521	[M-H]-
10.01	-0.983838501	[M-H]-
9.83	-2.138016357	[M+H]+
10	2.201700439	[M-H]-
9.19	-1.618227539	[M+H]+
10	0.517789307	[M+H]+
9.55	-2.921928101	[M+H]+
10	-1.977202148	[M+H]+
10.336	-7.203166504	[M+H]+
10.25	-4.635456543	[M+H]+
9.95	0.465782471	[M+H]+
10.1	-12.32228027	[M+H]+
9.5	-4.73074585	[M-H]-
10.25	5.241345825	[M-H]-
10.01	-11.73628784	[M-H]-
9.805	0.848044434	[M+H]+
9.87	7.45430542	[M+Na]+
9.95	5.893421631	[M+H]+
10.086	0.135063477	[M+H]+
10.17	3.536625977	[M-H]-
9.98	-8.079024658	[M+Na]+
10.38	5.139307861	[M+Na]+
9.89	2.396141357	[M+H]+
9.914	2.537702637	[M+H]+
10.42	-2.895594482	[M+H]+
9.39	1.029602661	[M+Na]+
9.86	-9.918867188	[M+Na]+
9.95	1.489240723	[M+H]+
9.85	-2.077602539	[M-H]-
8.06	1.416743164	[M-H]-
9.02	15.98671631	[M+Na]+
6.652	-0.879840088	[M-H]-
9.555	1.990369873	[M+H]+
9.414	-11.07236755	[M-H]-
9.62	11.37735962	[M-H]-
10.44	3.610551758	[M+H]+
8.02	-1.869759521	[M+Na]+
8.9	2.1297229	[M+H]+
6.26	4.603890991	[M+H]+
9.76	-1.213522949	[M-H]-
8.15	0.805075073	[M+Na]+
9.5	-3.438499756	[M+H]+
5.305	-2.103210449	[M+Na]+
10.36	-0.223822632	[M-H]-
10.336	-3.403261719	[M+H]+
9.83	0.496003418	[M-H]-
10.45	4.011951904	[M-H]-
9.77	0.029643555	[M+H]+
9.914	-4.18329834	[M-H]-
9.89	1.034105225	[M+Na]+
9.26	1.083999023	[M-H]-
10	-3.201132812	[M+H]+
8.24	-2.700654297	[M+H]+
10.11	-0.032556152	[M-H]-
9.98	-2.424577637	[M+Na]+
9.5	5.679240723	[M-H]-
6	0.534465332	[M-H]-
9.92	-1.236241455	[M-H]-
9.836	3.357375488	[M+Na]+
10.36	-0.244090576	[M-H]-
10.36	-4.78293335	[M-H]-
9.67	2.2003479	[M-H]-
10	3.464367676	[M+Na]+
9.586	-1.296243896	[M+H]+
8.73	3.093885498	[M-H]-
10.2	28.35015442	[M-H]-
10.05	-10.71381592	[M+Na]+
9.78	4.228908691	[M+Na]+
9.94	2.968903809	[M+H]+
9.945	4.085626221	[M+H]+
9.87	-1.265181885	[M-H]-
9.61	-10.38003784	[M-H]-
9.87	-10.6535437	[M-H]-
9.99	6.399135742	[M+H]+
9.61	1.92625	[M-H]-
9.81	6.177543945	[M-H]-
10.1	-0.783267822	[M+H]+
9.19	-2.236373291	[M-H]-
9.74	1.259162598	[M-H]-
9.85	2.271331787	[M+Na]+
10.1	-3.098795166	[M+Na]+
9.83	2.184520874	[M+H]+
9.95	4.459689941	[M-H]-
9.92	8.893388672	[M-H]-
10	3.532254028	[M-H]-
6.76	-2.018583374	[M+Na]+
9.88	-0.779931641	[M+Na]+
9.5	3.738644409	[M+Na]+
8.695	-0.030474243	[M+H]+
9.92	-2.453778687	[M+H]+
10.39	3.556208496	[M+H]+
9.27	-0.365036621	[M+Na]+
9.98	-3.135175171	[M+H]+
13.62	-43.95382568	[M+Na]+
9.83	1.439222412	[M+H]+
9.8	-0.235722656	[M+Na]+
10.45	-8.659143677	[M+H]+
9.664	-8.252700195	[M+H]+
7.434	-1.712325439	[M+H]+
10.35	-6.667355347	[M-H]-
9.89	12.62764954	[M-H]-
8.22	-0.191016235	[M+Na]+
10	-1.111896973	[M+Na]+
9.55	-1.527335815	[M+Na]+
10.65	-3.93293396	[M+H]+
9.85	0.321971436	[M+Na]+
9.914	-9.024579468	[M+H]+
9.92	7.455634766	[M+H]+
9.26	0.312124023	[M-H]-
9.664	-0.919827271	[M-H]-
9.98	-7.853204956	[M-H]-
9.98	-3.213831177	[M+H]+
9.9	-0.832116089	[M+H]+
9.5	-0.127173462	[M-H]-
10.25	-13.60507751	[M-H]-
9.92	-4.728105469	[M+Na]+
9.85	-5.236846924	[M-H]-
10.01	2.394512939	[M+H]+
10.23	1.289439697	[M-H]-
9.586	3.041846924	[M+H]+
10.25	-1.852612305	[M+H]+
9.8	1.950368652	[M+Na]+
9.98	-1.459553223	[M-H]-
9.95	-4.936884766	[M+H]+
9.83	-2.126821289	[M+H]+
9.94	0.204395142	[M+H]+
10	2.616502686	[M-H]-
9.95	-1.130866699	[M+Na]+
10.164	0.136582031	[M-H]-
9.914	-0.31557373	[M+H]+
10.17	3.906055908	[M+H]+
10.164	-0.898485718	[M+H]+
9.83	-1.324941406	[M+H]+
8.15	-1.57034668	[M+H]+
9.945	-4.089111328	[M-H]-
9.64	0.082507935	[M+H]+
10	-1.558328857	[M+H]+
6.414	-1.017929687	[M+H]+
9.44	0.327624512	[M-H]-
10.73	-3.355330811	[M+H]+
10.45	3.928369141	[M-H]-
10.02	0.245979614	[M+H]+
6.72	1.195943604	[M-H]-
8.94	0.285211182	[M+H]+
7.477	5.138143921	[M+H]+
10.195	2.050404053	[M+H]+
9.99	3.291876831	[M-H]-
9.88	-2.89659668	[M-H]-
10.05	1.557556152	[M+H]+
9.67	-2.728320312	[M+H]+
8.89	-1.124602051	[M+H]+
9.74	-1.421400146	[M+Na]+
10.48	-0.834511719	[M-H]-
9.85	-19.04562927	[M-H]-
9.74	-0.194837646	[M+H]+
9.805	-2.130930176	[M+Na]+
9.89	-0.714031982	[M+H]+
8.39	-2.649355469	[M-H]-
9.37	10.71666687	[M+Na]+
10.44	-4.82182373	[M+H]+
9.945	5.409034424	[M-H]-
9.28	0.043255615	[M+H]+
7.86	7.762144775	[M-H]-
10.42	0.739080811	[M-H]-
10.17	1.230421143	[M+H]+
10.42	2.116847534	[M+H]+
10.445	2.148121338	[M+Na]+
10.03	0.085782471	[M+H]+
10	-4.540476074	[M+Na]+
10.14	0.944983521	[M-H]-
9.87	-1.062088013	[M+Na]+
9.83	0.359437256	[M+H]+
9.805	0.603890381	[M-H]-
9.02	8.7531604	[M+H]+
9.88	-0.620285645	[M+H]+
10	-3.3859021	[M+Na]+
9.06	2.633924561	[M+Na]+
9.89	-0.891001587	[M+Na]+
9.55	4.085970459	[M+H]+
8.75	0.26984375	[M+H]+
9.94	4.066843262	[M+H]+
9.74	-2.668723145	[M+Na]+
10.37	6.054168091	[M+Na]+
8.44	0.451872559	[M+Na]+
9.89	-3.197358398	[M+Na]+
9.914	2.829462891	[M+Na]+
8.35	4.640036621	[M-H]-
9.914	2.438352051	[M+Na]+
8.914	8.063911133	[M+H]+
10.3	-0.674309082	[M+H]+
10.24	1.107716064	[M+Na]+
9.63	-8.253595581	[M+H]+
9.28	0.083883057	[M+H]+
10	1.920744629	[M-H]-
10.336	8.361459961	[M+Na]+
9.67	1.975485229	[M+H]+
9.78	2.811030273	[M+H]+
10.1	-3.627866211	[M+H]+
9.445	1.5284021	[M+Na]+
10	-4.167245483	[M-H]-
10.2	1.647056885	[M-H]-
9.836	0.630894165	[M-H]-
9.76	-0.602557983	[M+Na]+
9.95	1.308899536	[M+H]+
7.824	-2.070493164	[M+H]+
9.76	-3.015673828	[M+Na]+
9.89	-0.486256714	[M+Na]+
10.39	4.252093506	[M+Na]+
9.98	-6.986750488	[M+Na]+
9.98	2.752652588	[M+Na]+
10	-4.850100098	[M+H]+
10.33	0.772360229	[M-H]-
9.72	-2.515814209	[M+H]+
9.61	-1.187529297	[M+H]+
5.652	0.533238525	[M-H]-
10.445	-0.979993896	[M+H]+
9.76	0.742221069	[M+Na]+
9.98	-5.609486084	[M-H]-
10.48	1.290027466	[M-H]-
10	-0.369151001	[M-H]-
9.98	-2.578638916	[M-H]-
6.086	-0.720020752	[M-H]-
9.83	-7.309155884	[M+H]+
9.14	-1.92631958	[M+H]+
9.89	-3.408280029	[M+H]+
9.87	0.811716309	[M+Na]+
8.7	-7.415806885	[M-H]-
9.89	2.282114258	[M+H]+
10.15	2.373529663	[M+Na]+
10.14	3.886730957	[M+H]+
10.44	-0.296051025	[M+H]+
9.74	4.298602295	[M+Na]+
9.414	-2.252625732	[M+H]+
9.08	-7.429177246	[M+Na]+
7.324	-0.706188354	[M+H]+
9.22	-1.58019165	[M-H]-
9.94	1.737796631	[M+H]+
10.42	1.46130127	[M+H]+
5.89	-1.196744385	[M-H]-
6.61	-1.157498779	[M+H]+
6.39	0.585269775	[M+H]+
9.52	1.629785156	[M+H]+
10.39	0.777954102	[M+Na]+
10	7.729653931	[M+Na]+
9.83	2.028137207	[M+Na]+
8.98	8.618024902	[M+H]+
9.99	-1.904100952	[M+H]+
9.33	-4.243165894	[M+Na]+
9.85	-2.940545654	[M+Na]+
9.64	-1.735730591	[M-H]-
10	-2.071508179	[M+H]+
9.914	-1.087504883	[M-H]-
10.45	-2.46710083	[M+H]+
8.98	-3.396207275	[M+Na]+
9.38	0.728792114	[M+Na]+
9.28	12.51559448	[M-H]-
8.78	0.718720093	[M+H]+
10.31	-5.290777588	[M+Na]+
9.87	-1.176199951	[M+H]+
9.086	-3.855283813	[M+Na]+
9.72	-5.009464111	[M+Na]+
9.83	-0.327003174	[M+Na]+
10.45	-1.795	[M-H]-
7.26	1.412740479	[M+H]+
10.414	5.762210693	[M+Na]+
9.98	12.13368347	[M+H]+
10.01	-2.598527832	[M-H]-
9.39	4.811807861	[M+Na]+
10.15	2.487750854	[M+H]+
9.98	-24.70461426	[M-H]-
10.305	-4.583845215	[M+Na]+
9.76	-1.59902832	[M+Na]+
10.11	6.125023193	[M+Na]+
9.94	-0.748552856	[M+Na]+
10.08	-2.048225098	[M+H]+
10.1	-4.959960938	[M+H]+
7.164	-1.926794434	[M+Na]+
9.98	2.894069824	[M-H]-
10.39	2.389074707	[M+Na]+
10	8.528369141	[M-H]-
9.836	0.742974854	[M-H]-
10.33	2.333209229	[M+Na]+
10.23	12.75678101	[M-H]-
9.914	4.42074707	[M+Na]+
9.9	1.375517578	[M+H]+
9.03	0.369371338	[M+H]+
10	2.73039917	[M+H]+
8.586	-4.792805176	[M-H]-
9.33	0.523774414	[M+H]+
9.85	4.737615967	[M-H]-
9.87	-1.251965332	[M-H]-
9.44	0.552769775	[M+Na]+
9.17	-0.478359375	[M+H]+
10.25	-0.272139893	[M+H]+
10.336	0.667727051	[M-H]-
9.914	3.867766113	[M-H]-
9.19	-1.810585938	[M+Na]+
10.17	1.874715576	[M-H]-
9.086	2.198603516	[M+H]+
10.31	8.21557373	[M+H]+
10.39	1.367797241	[M-H]-
9.83	-3.430105591	[M-H]-
9.88	-2.753726807	[M+H]+
9.76	12.60872803	[M-H]-
9.94	-3.479169922	[M+H]+
10.11	3.227954102	[M+H]+
7.457	-0.693009033	[M+Na]+
9.95	-3.062058105	[M+H]+
7.305	0.673157349	[M+H]+
10.17	5.844946289	[M-H]-
10.44	-3.00685791	[M+H]+
9.17	-3.199197998	[M-H]-
10.08	-4.013284912	[M+H]+
9.85	0.98795166	[M+H]+
9.39	-2.97326416	[M+H]+
10.3	-1.005200195	[M+Na]+
9.01	-3.381641235	[M-H]-
10.31	-12.09285278	[M-H]-
10	0.767523804	[M+H]+
7.28	0.204233398	[M+H]+
7.824	-1.770519409	[M+Na]+
9.95	-1.095053101	[M+H]+
7.89	0.370162354	[M-H]-
10	0.492678223	[M-H]-
9.33	2.75654541	[M-H]-
9.62	-1.239942627	[M+H]+
9.76	2.670112305	[M+H]+
9.89	-4.769217529	[M+H]+
9.5	1.570449219	[M-H]-
9.38	9.793564453	[M-H]-
7.586	-11.82358521	[M-H]-
10.33	3.449389648	[M+Na]+
6.043	-0.168994141	[M-H]-
9.69	0.951920776	[M+H]+
10.03	-0.215730591	[M+Na]+
9.65	5.935670776	[M+H]+
10	-0.025366211	[M+H]+
10	-2.191331177	[M+H]+
9.48	-2.983051758	[M+Na]+
10	4.280198975	[M+Na]+
9.97	0.739401855	[M+H]+
10.02	9.578577271	[M+Na]+
9.35	8.622360229	[M+Na]+
9.13	3.292260742	[M-H]-
8.94	-0.02368103	[M-H]-
10.25	-0.937641602	[M+H]+
8.02	-5.795394287	[M+H]+
10	-4.725962524	[M+Na]+
10.31	-0.201671143	[M+H]+
8.9	-2.887175293	[M-H]-
10.19	3.435917358	[M+Na]+
9.97	-5.615350342	[M+Na]+
9.805	-2.336484375	[M+H]+
10	0.996975098	[M+H]+
9.695	4.622495117	[M+Na]+
9.56	1.576060181	[M+H]+
10.03	-0.190836182	[M-H]-
9.836	0.058758545	[M+H]+
9.78	4.016862793	[M-H]-
10.164	-1.280928955	[M+H]+
9.7	-2.991624146	[M+H]+
9.75	2.891762085	[M+H]+
9.55	-1.333494263	[M+Na]+
10.45	0.064846191	[M+H]+
9.95	2.347388306	[M+H]+
9.72	-0.320639648	[M+H]+
9.914	-5.920305176	[M+H]+
9.63	1.691109619	[M+Na]+
10.5	-9.429321289	[M+H]+
9.97	2.62163208	[M-H]-
8.65	5.998204346	[M-H]-
9.74	2.726531372	[M-H]-
9.83	9.182880859	[M+Na]+
9.13	-2.527954102	[M-H]-
10	1.943615723	[M+H]+
10.15	-12.59855042	[M+Na]+
9.195	-2.960817871	[M+H]+
7.977	-0.478001099	[M+Na]+
10.414	0.658848267	[M+H]+
10.11	5.112884521	[M+H]+
10.47	-10.60828796	[M+H]+
10.37	4.248496094	[M-H]-
10.12	-4.195411377	[M+Na]+
9.52	-6.220723877	[M+Na]+
9.24	6.468294678	[M-H]-
9.92	1.756586914	[M+H]+
9.98	-4.378461914	[M+H]+
10.305	-12.80770691	[M-H]-
9.83	7.161894531	[M+H]+
10	-3.588265381	[M-H]-
10.055	4.489641113	[M-H]-
6.348	0.282623291	[M-H]-
8.89	3.287785034	[M-H]-
9.63	2.066052856	[M+H]+
10.44	0.393535767	[M+Na]+
8.89	-2.185977783	[M+Na]+
9.914	2.787275391	[M+Na]+
9.24	0.210837402	[M-H]-
9.06	-3.410101318	[M+H]+
10.49	-3.598288574	[M+H]+
9.86	2.61913208	[M+Na]+
9.305	0.182449341	[M+H]+
10	-0.790056152	[M-H]-
7.945	-1.650153809	[M-H]-
10.414	-20.24220276	[M+Na]+
9.95	-6.616286011	[M+Na]+
7.543	-0.62612915	[M+H]+
9.83	1.718131104	[M+Na]+
9.914	-5.921455688	[M+H]+
10.24	5.856491699	[M+H]+
9.67	0.797541504	[M+H]+
10.336	0.179896851	[M+Na]+
10.13	1.018956299	[M+H]+
10.42	-3.438927002	[M+H]+
9.42	-2.721044922	[M+Na]+
9.83	1.114536133	[M-H]-
9.65	0.238580322	[M-H]-
10.31	-3.254147339	[M+H]+
7.457	0.20083252	[M+Na]+
10.31	-1.869224854	[M+H]+
10.49	-1.304749756	[M+Na]+
9.05	-1.77423584	[M+Na]+
9.94	-3.015996094	[M-H]-
9.76	-0.217156982	[M+Na]+
9.95	-1.174590454	[M+H]+
9.63	1.454262695	[M+H]+
9.17	-3.372790527	[M-H]-
10.11	0.378526611	[M+Na]+
10.45	8.094207764	[M+Na]+
9.945	8.091987305	[M+Na]+
10	1.443609619	[M+H]+
10.17	1.947558594	[M+Na]+
10	2.268079834	[M+H]+
9.664	6.868345947	[M+Na]+
6.195	-5.020350342	[M+H]+
9.85	6.319515381	[M-H]-
9.5	-0.198760376	[M+H]+
9.87	-5.749065552	[M-H]-
9.89	2.343688965	[M+Na]+
10.414	-2.330916748	[M+Na]+
9.37	-1.607751465	[M-H]-
10.48	-18.10598633	[M-H]-
7.445	-1.593869019	[M+Na]+
9.83	-1.021241455	[M+H]+
9.52	-1.398551025	[M+H]+
10	-6.180339355	[M+Na]+
10.38	-4.866975098	[M+Na]+
9.836	0.831838379	[M+H]+
9.586	1.234102783	[M-H]-
8.02	-5.351258545	[M+Na]+
9.8	-0.850479126	[M-H]-
9.85	-1.82116333	[M+H]+
10.164	1.883198242	[M+Na]+
8.664	-2.750909424	[M+Na]+
10.44	5.966808472	[M+H]+
8.98	6.361983643	[M+Na]+
9.72	3.511184082	[M+H]+
10.39	10.71928345	[M-H]-
9.89	2.497921143	[M+Na]+
9.98	9.63635437	[M+Na]+
8.19	-2.095393677	[M+H]+
9.63	2.307553711	[M+H]+
10.195	4.517016602	[M+H]+
7.316	-1.842272949	[M+Na]+
9.98	-4.319525757	[M+H]+
10.27	-3.158380127	[M-H]-
9.76	-0.850979004	[M+H]+
10.33	0.371411743	[M+Na]+
9.81	-0.877588501	[M+Na]+
8.98	2.749953613	[M+H]+
10.5	14.42547241	[M-H]-
7.066	1.315426636	[M-H]-
10.5	4.062879639	[M+Na]+
10.15	0.734456787	[M-H]-
10.055	3.677798462	[M+H]+
9.73	4.491382446	[M-H]-
9.78	-1.551072998	[M+Na]+
10	-1.066868896	[M+H]+
7.848	0.361984863	[M+H]+
5.89	2.231895752	[M-H]-
10.08	-0.524747314	[M-H]-
10.03	3.173713379	[M+H]+
8.805	4.40689209	[M+Na]+
10.49	-3.850333252	[M+H]+
9.78	2.029465332	[M+H]+
9.63	-0.838703613	[M+H]+
9.77	-1.611975708	[M+H]+
9.64	9.814083252	[M+Na]+
9.35	1.483841553	[M-H]-
9.95	2.355167847	[M-H]-
9.99	-1.944727783	[M+Na]+
8.586	-0.681907959	[M+H]+
10	-1.145139771	[M+H]+
10.39	-0.239689941	[M+H]+
9.52	1.668928833	[M+H]+
6.51	1.068277588	[M-H]-
10.15	-12.56850952	[M+Na]+
9.48	-1.811068726	[M+H]+
9.14	-1.432919922	[M-H]-
7.434	-1.400296021	[M-H]-
9.52	1.425689697	[M+H]+
9.89	18.37352905	[M+Na]+
9.87	2.583325806	[M+Na]+
9.945	-1.919017334	[M+Na]+
9.1	-1.953771973	[M+H]+
9.24	-1.226887817	[M+H]+
10.31	5.757596436	[M-H]-
10	2.719522095	[M-H]-
9.62	-5.575741577	[M-H]-
9.7	2.556932373	[M+H]+
10.26	-2.824896851	[M+H]+
9.77	0.764207764	[M+Na]+
9.56	3.834217529	[M+Na]+
10.03	1.186556396	[M+Na]+
10.45	-8.271228027	[M+Na]+
9.51	-3.922060547	[M+H]+
9.74	2.03177124	[M+H]+
9.95	-0.124632568	[M-H]-
9.99	-3.574388428	[M+H]+
10.19	-4.185780029	[M-H]-
9.64	5.447276611	[M-H]-
9.914	-0.483503418	[M+H]+
10.086	-2.155715332	[M-H]-
9.22	-3.261220703	[M-H]-
9.76	-2.304317627	[M+Na]+
10.05	2.283167114	[M+Na]+
10.39	-0.262171631	[M+Na]+
10.42	2.991010742	[M-H]-
9.69	3.463066406	[M+H]+
8.33	0.802843018	[M-H]-
9.45	-5.657637939	[M+Na]+
10.44	-4.184228516	[M+H]+
10.445	0.73145813	[M+Na]+
10.15	-1.346156006	[M+H]+
9.61	-1.695150146	[M+Na]+
10.36	-19.13170166	[M-H]-
10.26	-1.535229492	[M-H]-
10.37	-9.655754395	[M+H]+
8.086	0.970186768	[M+H]+
9.99	-0.179139404	[M+H]+
9.78	3.786999512	[M+H]+
10	-5.001438599	[M+Na]+
10.24	-1.149702148	[M+H]+
9.81	0.590789185	[M+H]+
10.2	3.758067627	[M+Na]+
9.89	-0.271349487	[M+Na]+
10.03	-0.491123047	[M+H]+
9.695	1.994819336	[M+Na]+
9.94	-3.99144043	[M-H]-
9.98	8.917302246	[M+Na]+
10	15.17664551	[M-H]-
9.914	-0.981989746	[M-H]-
6.13	-3.829735718	[M+H]+
10.15	1.454591064	[M+H]+
9.555	3.252772827	[M+Na]+
8.94	1.032834473	[M-H]-
9.98	3.152321167	[M+H]+
8.805	-1.415288696	[M-H]-
9.94	-5.744595947	[M+H]+
9.99	-3.009464111	[M-H]-
9.98	-0.943132324	[M-H]-
10.22	1.232172852	[M+H]+
9.76	-5.009702759	[M+H]+
10.2	-4.5234552	[M+Na]+
8.22	2.762515869	[M-H]-
9.89	1.297858276	[M+H]+
9.94	0.663236084	[M-H]-
8.11	-6.990505371	[M+H]+
10.28	-3.130742798	[M+H]+
7.426	1.558842773	[M+Na]+
9.78	3.597145996	[M+H]+
9.4	1.378416748	[M+H]+
10.48	-6.66487915	[M+H]+
10	0.767975464	[M+H]+
10	4.073527832	[M+Na]+
7.28	-1.321942139	[M+H]+
9.44	-0.938417358	[M-H]-
9.914	-0.108581543	[M-H]-
7.76	-0.102662354	[M-H]-
9.76	2.792335205	[M-H]-
10.27	6.340452271	[M+H]+
7.78	-3.859016113	[M-H]-
9.7	0.662390137	[M+H]+
10.3	1.770157471	[M+H]+
10.14	-0.773679199	[M+Na]+
9.55	-1.481286621	[M+H]+
9.22	-11.27635559	[M-H]-
10.27	1.263254395	[M+H]+
9.52	-0.130805664	[M+H]+
9.81	-7.173512573	[M+H]+
9.75	-1.406519775	[M-H]-
9.8	-2.110163574	[M+Na]+
10	2.359678955	[M+H]+
9.87	1.415396118	[M+H]+
10.01	9.599645996	[M-H]-
6.695	-3.138187256	[M+H]+
10.086	0.825465088	[M+H]+
10.36	-4.373641357	[M-H]-
9.83	4.930536499	[M+H]+
9.87	-5.015688477	[M-H]-
10.23	-11.50268921	[M+H]+
9.08	9.631282959	[M+Na]+
7.977	2.917331543	[M+H]+
10.49	3.473771973	[M-H]-
10	-2.683076172	[M+Na]+
9.8	-9.358679199	[M-H]-
9.36	2.502611694	[M+H]+
9.88	-1.665630493	[M+H]+
7.914	-2.096734619	[M+Na]+
10.35	-7.860985718	[M-H]-
6.87	0.185539551	[M+Na]+
10.26	-2.044090576	[M+Na]+
10.14	-3.573773193	[M+Na]+
10	-3.335615234	[M+H]+
9.35	-1.589775391	[M-H]-
9.15	-2.042646484	[M-H]-
9.53	5.838366699	[M-H]-
8.33	4.940212402	[M+Na]+
10.23	-3.79965271	[M+H]+
9.95	1.349562988	[M-H]-
10.24	0.085015869	[M+H]+
9.76	-0.512167969	[M-H]-
9.94	-1.498146973	[M-H]-
9.65	2.521182251	[M+H]+
10.06	-1.416708984	[M+Na]+
10.33	-8.967305908	[M-H]-
10.4	4.048642578	[M-H]-
9.98	-2.011488037	[M+H]+
9.95	-3.934915771	[M-H]-
10.45	32.11166077	[M-H]-
10.164	6.982833252	[M+H]+
9.67	7.624123535	[M+H]+
9.02	-2.625249023	[M+H]+
10.22	1.161239014	[M-H]-
9.01	-5.102009277	[M+Na]+
9.64	3.507226562	[M+Na]+
10.44	-5.571199341	[M+H]+
10.25	-5.040108643	[M+H]+
9.4	-1.300218506	[M-H]-
10	-1.792019043	[M+Na]+
6.598	0.814852295	[M+Na]+
9.664	1.926915283	[M-H]-
9.85	-0.496397705	[M-H]-
9.75	1.718598633	[M+Na]+
9.87	0.021385498	[M+H]+
9.78	3.267772217	[M+Na]+
8.36	10.7991394	[M-H]-
10.14	2.303243408	[M+H]+
10.36	-4.695332031	[M+H]+
9.2	8.433272705	[M+Na]+
10.42	-1.491963501	[M-H]-
10.38	-3.141418457	[M-H]-
9.95	-2.370454102	[M+H]+
9.85	2.921827393	[M+H]+
9.695	3.05020874	[M-H]-
8.78	1.510462646	[M+H]+
10	-1.644196777	[M+Na]+
9.08	0.45791748	[M-H]-
9.94	2.484633789	[M+H]+
10	0.675280762	[M+H]+
10.14	-0.372946167	[M+H]+
9.33	2.313619385	[M+H]+
9	-0.220909424	[M+H]+
7.457	-1.086918335	[M+Na]+
8.836	-0.75491394	[M+H]+
9.94	-0.888857422	[M+H]+
9.74	0.753787842	[M+Na]+
9.914	-2.159727783	[M+Na]+
9.94	-9.721348877	[M+H]+
9.94	0.815273437	[M+Na]+
9.78	-1.058753662	[M+H]+
9.4	-1.689151001	[M+H]+
9.72	2.741831055	[M+H]+
10	-0.6475	[M+H]+
10.53	-2.454727783	[M-H]-
10.11	-2.445948486	[M+H]+
9.38	-0.921283569	[M+H]+
9.695	2.010387573	[M-H]-
9.44	-3.253178711	[M+H]+
9.97	-2.741739502	[M+H]+
10.195	-2.028695679	[M-H]-
9.83	-0.238776855	[M+H]+
9.78	-4.262984619	[M-H]-
9.97	1.148800049	[M+Na]+
9.12	0.301049805	[M-H]-
9.44	-0.677922363	[M+Na]+
9.836	3.978551636	[M+H]+
10.37	-5.37206665	[M+H]+
10.05	2.056052246	[M+Na]+
10.28	-4.55340271	[M-H]-
9.39	-0.782353516	[M-H]-
10	-2.675405273	[M-H]-
10.13	-3.565649414	[M+H]+
9.94	-0.910491943	[M+Na]+
10.42	-4.587993164	[M+H]+
10.4	-8.266657715	[M-H]-
10.445	-2.192684326	[M-H]-
6.76	-0.456680908	[M-H]-
10.01	-5.894296875	[M-H]-
9.58	0.29286499	[M+H]+
10	-3.169334717	[M+H]+
7.76	-4.628989258	[M+Na]+
9.555	-2.209418335	[M+H]+
9.69	-12.2450415	[M+Na]+
10	-3.732345581	[M+H]+
10.2	-1.782984619	[M+H]+
9.13	1.946531982	[M+H]+
8.97	-5.944206543	[M+Na]+
10.25	2.786056519	[M+H]+
10.22	6.965250244	[M+Na]+
9.58	-13.49157288	[M+H]+
6.434	-0.871365356	[M+H]+
9.914	2.571323242	[M+H]+
9.586	-2.835150146	[M+Na]+
10.2	-4.62534668	[M+H]+
9.62	-2.370603027	[M+H]+
9.836	0.399936523	[M+Na]+
10.27	2.156989746	[M-H]-
9.695	-2.336931152	[M+H]+
10.01	2.850670776	[M+H]+
10	-1.332148437	[M+H]+
9.695	6.135639038	[M-H]-
9.586	0.023566284	[M-H]-
10.44	0.277005615	[M+H]+
9.445	0.065125122	[M+H]+
6.566	-0.551335449	[M+Na]+
9.55	-2.816959839	[M-H]-
9.85	6.575865479	[M-H]-
10.4	1.561107178	[M+H]+
10.15	3.510950928	[M-H]-
9.11	1.715119629	[M+H]+
8.98	1.436419678	[M+Na]+
10.28	-0.607341309	[M+H]+
9.89	-2.010091553	[M+H]+
9.7	-3.656838379	[M+H]+
10.36	2.515813599	[M+Na]+
10.35	-3.050891113	[M+H]+
9.7	-4.194752197	[M+H]+
10.27	0.354653931	[M+H]+
9.95	2.277775879	[M+Na]+
8.72	5.31734314	[M-H]-
10.37	-5.61571167	[M-H]-
9.97	-9.358048706	[M-H]-
9.89	-2.990834961	[M-H]-
7.066	0.577021484	[M-H]-
9.76	-7.787503052	[M-H]-
10.195	-2.194055786	[M-H]-
7.336	-5.881542358	[M+Na]+
9.92	-3.816686401	[M+Na]+
8.94	5.007632446	[M+Na]+
9.95	0.020640869	[M-H]-
10.195	5.366277466	[M-H]-
10.31	-1.602451782	[M+H]+
9.65	-3.039936523	[M-H]-
8.1	-0.998728027	[M-H]-
10.36	11.13934082	[M+Na]+
9.75	-2.076039429	[M-H]-
10	-5.676975708	[M-H]-
9.97	0.864259033	[M+H]+
10.38	-0.377807617	[M+Na]+
9.805	16.71020508	[M-H]-
10.5	-1.290305176	[M-H]-
9.94	10.23835693	[M+H]+
10.48	3.331955566	[M+Na]+
5.37	-1.743247681	[M+H]+
9.95	-0.805620728	[M+H]+
9.17	-7.695432129	[M+Na]+
9.95	1.588811035	[M-H]-
9.33	-0.896405029	[M-H]-
9.77	-0.742796021	[M+H]+
10	-4.00217041	[M-H]-
9.67	1.142789917	[M-H]-
9.94	1.710883789	[M-H]-
10.39	5.24421875	[M-H]-
9.85	7.117016602	[M+H]+
10.27	-3.053421631	[M-H]-
9.98	-3.923328857	[M-H]-
9.58	-0.94204834	[M+H]+
10.086	1.625858765	[M-H]-
9.74	7.489667969	[M+H]+
9.72	4.164882812	[M+H]+
9.5	0.3762854	[M+H]+
10.195	3.57807251	[M+Na]+
10	0.338846436	[M+H]+
9.75	-3.074705811	[M+Na]+
10.13	-2.667972412	[M+H]+
9.98	-0.007912598	[M+H]+
9.61	14.55982117	[M+Na]+
9.98	0.054707031	[M+Na]+
9.28	5.160196533	[M+H]+
9.98	-0.652369995	[M+Na]+
10.305	3.824622803	[M+H]+
5.72	-1.917833252	[M-H]-
10.49	-4.140872803	[M+H]+
9.65	-0.001105957	[M-H]-
6.023	0.817038574	[M+H]+
9.67	2.420748291	[M+Na]+
10.086	10.62853027	[M+H]+
9.9	-0.674181519	[M+Na]+
9.336	3.589440308	[M-H]-
9.87	0.466405029	[M+H]+
10.15	1.219780273	[M+H]+
9.85	6.685895996	[M+Na]+
9.65	-0.796131592	[M+H]+
10.17	-5.801542358	[M+H]+
10.28	3.002664795	[M+Na]+
9.805	-4.463742676	[M+H]+
10.555	4.101420898	[M+H]+
9.56	3.297837524	[M-H]-
10.2	-0.177150269	[M-H]-
10.055	1.121878662	[M+Na]+
9.81	-5.971847534	[M+H]+
7.805	2.39001709	[M+H]+
9.64	-2.318607788	[M-H]-
9.92	-0.554002686	[M+H]+
10.1	-3.257015381	[M+Na]+
10	0.6040448	[M+H]+
10	-9.461402588	[M+H]+
9.94	1.05802002	[M+Na]+
7.824	1.212436523	[M+H]+
9.586	-2.053972168	[M+H]+
9.67	-2.05161377	[M+H]+
10.4	2.666327515	[M+Na]+
9.88	-2.816074219	[M+H]+
9.98	21.55373047	[M+Na]+
9.49	-5.067106934	[M+H]+
10.33	-3.069384766	[M-H]-
10.35	-1.86642334	[M+H]+
9.945	-4.165501099	[M+H]+
9.67	0.920111084	[M-H]-
5.26	-0.895194702	[M-H]-
10.4	-0.262061768	[M+H]+
10.27	4.306657715	[M-H]-
9.695	-1.187874756	[M-H]-
8.15	-1.800921631	[M-H]-
8.72	-2.923365479	[M+H]+
8.8	0.427877197	[M+H]+
10	-3.645041504	[M+H]+
10.67	0.31144165	[M+Na]+
9.94	0.172045898	[M+Na]+
6.61	-0.459942627	[M+H]+
10.336	0.948242188	[M+Na]+
9.24	-0.883980713	[M+H]+
10.27	0.182275391	[M-H]-
9.305	1.038701782	[M+Na]+
9.35	1.165541382	[M-H]-
8.805	2.525982666	[M-H]-
9.98	-0.441237183	[M+H]+
9.76	-0.22453064	[M+H]+
10.33	2.034703979	[M+H]+
9.37	-1.470703125	[M+H]+
10.13	-1.175629883	[M+H]+
10.03	1.782950439	[M+Na]+
9.695	2.341802979	[M+Na]+
10.49	-8.410733643	[M-H]-
10	3.035241089	[M+H]+
9.72	5.664197388	[M-H]-
9.98	1.083433838	[M+H]+
7.566	-0.618876953	[M+H]+
10.22	-2.563731079	[M+H]+
10	-1.538822632	[M+H]+
9.195	7.198835449	[M-H]-
8.086	-5.817982178	[M+H]+
10.47	1.949553223	[M-H]-
9.1	-2.551159668	[M+Na]+
9.56	1.702751465	[M+H]+
10.13	-8.741120605	[M-H]-
9.95	2.660338745	[M+H]+
10.42	-4.368987427	[M+H]+
10.13	-2.559051514	[M-H]-
10.086	0.810968628	[M+H]+
9.95	4.630252686	[M+Na]+
9.11	-0.666351318	[M+H]+
9.98	2.793657227	[M-H]-
10.39	0.317904053	[M+H]+
10	-1.681722412	[M+H]+
9.78	1.04710144	[M+Na]+
8.67	4.297091064	[M+Na]+
10.37	9.005554199	[M+H]+
10.06	-0.905402832	[M+H]+
6.39	-2.049528809	[M+Na]+
9.94	-1.490826416	[M-H]-
10.3	5.278450928	[M+H]+
9.64	-2.738572388	[M-H]-
10.13	-1.292850342	[M+Na]+
9.98	2.528295898	[M+Na]+
9.87	-1.087443848	[M-H]-
10.49	1.120814209	[M+H]+
9.95	0.545352173	[M+H]+
9.5	-5.274656982	[M-H]-
10.12	-2.743540039	[M-H]-
9.95	3.829577637	[M-H]-
9.87	34.64007813	[M-H]-
9.95	-3.225028076	[M+H]+
10.03	-1.157763672	[M-H]-
9.87	6.886998291	[M+H]+
10	-2.158433838	[M+H]+
9.9	2.804976807	[M-H]-
9.56	0.051010132	[M-H]-
10.17	0.079886475	[M-H]-
8.1	4.309724121	[M+Na]+
9.914	5.514818115	[M+H]+
9.92	-9.567148438	[M-H]-
8.94	0.806934814	[M+H]+
10	4.755390015	[M+H]+
9.086	3.532973633	[M+Na]+
7.13	-0.856708984	[M+H]+
10	3.91850647	[M+H]+
10.055	-4.899663086	[M+Na]+
9.5	3.228773193	[M-H]-
10.05	-3.33454834	[M+H]+
9.23	-12.4910498	[M+H]+
9.5	2.523167725	[M+H]+
9.89	-4.808925781	[M+H]+
9.28	6.444362793	[M+Na]+
9.65	-2.180489502	[M+H]+
9.48	-1.486477051	[M+H]+
9.76	0.919099121	[M+H]+
8.87	0.475517578	[M+Na]+
9.85	0.321230469	[M-H]-
10	0.463756714	[M+Na]+
10.13	-5.560943604	[M+Na]+
9.98	2.118736572	[M+Na]+
10.33	4.051328125	[M+Na]+
10.195	-2.277682495	[M+H]+
9.87	-0.469071045	[M-H]-
9.48	0.166778564	[M+H]+
8.78	2.830493164	[M-H]-
10.195	-1.536989746	[M+Na]+
9.414	1.068046875	[M+H]+
8.805	-5.372418213	[M-H]-
9.98	-5.652301025	[M-H]-
8.83	0.337572021	[M+Na]+
9.336	1.606452637	[M+Na]+
7.26	1.511547241	[M-H]-
10.086	-0.824033203	[M-H]-
10.5	3.641681519	[M+H]+
10.27	10.27053955	[M-H]-
8.87	-1.183195801	[M-H]-
10.336	-5.76519043	[M+Na]+
8.67	5.840354004	[M+H]+
8.89	1.388518677	[M+Na]+
10.17	3.534438477	[M+H]+
5.11	0.211174316	[M-H]-
9.914	2.923212891	[M+H]+
9.76	2.137689209	[M+Na]+
9.15	-9.341635132	[M+Na]+
10	-1.13423584	[M+Na]+
10	-0.918508301	[M-H]-
10.26	2.606781006	[M+Na]+
9.05	-1.453021851	[M+H]+
9.61	-2.859315796	[M-H]-
8.05	-0.606276855	[M+H]+
10.37	0.93156189	[M-H]-
10.445	4.755917969	[M+Na]+
9.945	-1.493167114	[M+H]+
9.73	-4.022151489	[M-H]-
9.95	-5.929216309	[M-H]-
10	6.108527222	[M-H]-
10.27	6.071420898	[M-H]-
10.26	-1.003327637	[M-H]-
10.2	0.917271729	[M+Na]+
9.5	4.084481201	[M+H]+
9.63	-1.621275635	[M+H]+
9.88	3.928388672	[M+H]+
9.914	-5.593262329	[M-H]-
9.98	-2.538364258	[M-H]-
9.45	2.08097229	[M-H]-
9.47	2.562485962	[M+H]+
8.02	-0.354654541	[M+H]+
8.42	0.220245361	[M+Na]+
9.195	2.839215088	[M-H]-
9.72	-2.261123047	[M+Na]+
5.176	0.313977051	[M+Na]+
9.56	-11.1383252	[M+H]+
9.94	4.171795044	[M+H]+
6.89	4.058966064	[M+Na]+
9.63	0.212480469	[M+H]+
9.76	1.261433105	[M+H]+
10	0.188713379	[M+H]+
10.25	0.671323853	[M+H]+
8	0.251131592	[M+Na]+
9.88	-1.959685669	[M+H]+
10.35	9.94557251	[M-H]-
9.87	3.269262695	[M-H]-
10	-10.76629517	[M+H]+
10.36	0.426937256	[M-H]-
10	-1.550516968	[M-H]-
9.88	1.794577637	[M+H]+
10	-7.823243408	[M-H]-
9.914	-6.514124146	[M+H]+
10	1.284608154	[M+Na]+
8.87	-6.640565186	[M-H]-
8.914	0.408834229	[M+H]+
10	1.233821411	[M+Na]+
6.043	1.972583008	[M+Na]+
7.445	4.565019531	[M+H]+
10.35	-5.521424561	[M+H]+
9.75	2.93935791	[M-H]-
10.25	2.726343994	[M-H]-
8.555	-0.325449219	[M+Na]+
9.87	0.710717163	[M+H]+
6.957	0.241560059	[M+Na]+
9.48	-1.585327148	[M+H]+
9.555	-0.35743042	[M+H]+
9.65	-1.713695068	[M-H]-
9.555	4.91100708	[M-H]-
9.97	1.447224121	[M+H]+
10.37	4.306373901	[M-H]-
9.33	2.139876709	[M-H]-
7.28	0.182460327	[M-H]-
9.61	1.672685547	[M+Na]+
10	0.003381348	[M+Na]+
9.805	-5.356395264	[M+Na]+
10.35	-1.474925537	[M+Na]+
10	-4.684375	[M+H]+
9.42	0.987679443	[M+H]+
7.977	-1.159819946	[M-H]-
8.836	-1.498422852	[M-H]-
8.414	-2.512155762	[M+Na]+
9.98	-4.765322876	[M+H]+
10	-10.55987671	[M+H]+
10.36	-2.378459473	[M-H]-
10	-2.983496094	[M-H]-
10	1.927307129	[M+H]+
9.95	-0.938070679	[M+H]+
10.055	-1.368010864	[M+H]+
9.39	-1.539071655	[M+Na]+
9.48	-2.339383545	[M+H]+
10.11	-4.37682251	[M+Na]+
8.19	-1.926004639	[M+Na]+
8.73	-2.021501465	[M-H]-
10.44	-2.257471313	[M-H]-
5.176	-5.547979126	[M+H]+
10.26	0.489865723	[M+H]+
9.6	-7.201355591	[M-H]-
8.8	5.745786133	[M+H]+
9.78	0.435423584	[M-H]-
10.28	-4.962281494	[M+Na]+
10	-1.750073242	[M-H]-
9.03	1.369830322	[M-H]-
9.914	-1.21800415	[M-H]-
8.56	2.001077881	[M-H]-
10	3.710511475	[M-H]-
10.24	1.923232422	[M+H]+
10.195	6.569534912	[M+Na]+
9.61	1.754344482	[M+Na]+
10	2.443770752	[M+Na]+
8.61	-1.00572876	[M+H]+
9.89	7.470228882	[M-H]-
9.76	-1.118453369	[M-H]-
7.957	0.433710327	[M-H]-
10.28	2.996695557	[M-H]-
10.23	-4.6650354	[M+Na]+
10.24	-4.959432983	[M-H]-
10.23	-1.379025879	[M+H]+
9.87	0.626524658	[M+H]+
10.47	-0.367961426	[M+Na]+
7.977	0.246390381	[M-H]-
10.39	3.682663574	[M-H]-
9.72	-6.295169067	[M+Na]+
10.4	11.84808105	[M-H]-
10.19	3.553338013	[M+H]+
10.195	-6.32041687	[M+Na]+
10.05	-1.463111572	[M+H]+
10.414	-0.374578857	[M+H]+
10.15	2.167915039	[M-H]-
9.92	-3.181140137	[M-H]-
7.38	-0.674396973	[M+H]+
9.22	-0.781480103	[M+H]+
6.74	-1.297445679	[M+Na]+
9.73	-5.626845703	[M+H]+
10.06	-1.063725586	[M+H]+
9.94	0.546907959	[M+Na]+
10.28	1.806688843	[M-H]-
